,√âtat,Marque,Date,nom,Prix,Description,cat
1,TR√àS BON √âTAT,AMI,2022-03-17,COL ROUL√â AMI,280.0,COL ROUL√â AMI EN PARFAIT √âTAT,Fashion
5,TR√àS BON √âTAT,SMOG,2022-04-04,PULL BLANC COL ROUL√â,19.0,PULL EN TR√àS BON √âTAT QUI TIENT CHAUD,UltraFastFashion
7,TR√àS BON √âTAT,C.P. COMPANY,2022-03-30,COL ROUL√â CP COMPANY ORANGE,170.0,"COL ROUL√â ORANGE CP COMPANY
ARTICLE PLUS DISPONIBLE SUR INTERNET
ACHET√â EN ITALIE 250‚Ç¨

PORT√â UNE SEULE FOIS POUR A PHOTO MAIS UN PEU TROP GRAND POUR MOI",Fashion
13,TR√àS BON √âTAT,COODRONY,2022-03-30,PULLS,25.0,"VEND PULL COL ROUL√â EN CACHEMIRE, TAILLE SLIM.PEU PORT√â",UltraFastFashion
14,TR√àS BON √âTAT,CELIO PRESTIGE,2022-04-04,PULL-OVER HOMME COL ROUL√â,25.0,"55% SOIE 
45% CACHEMIRE 
PORT√â QUELQUES FOIS",UltraFastFashion
16,NEUF SANS √âTIQUETTE,NEW YORKER,2022-04-04,COL ROUL√â GRIS,10.0,COL ROUL√â GRIS 100% COTON,UltraFastFashion
17,TR√àS BON √âTAT,ARTE,2022-04-04,PULL ARTE MARRON,60.0,"PULL/SWEAT DE QUALIT√â COL ROUL√â COL CHEMIN√â MARRON.
TAILLE M 
PORT√â 5-6 FOIS
TR√àS BON √âTAT
ARTE ANTWERP",Undefined
22,TR√àS BON √âTAT,CARHARTT,2022-04-04,PULL √Ä COL ROUL√â CARHARTT,35.0,"üëî PULL √Ä COL ROUL√â GRIS CARHARTT 
‚úÖ EN TR√àS BON √âTAT (PORT√â 1OU 2 FOIS)
‚ùå AUCUNE TACHES NI MARQUE D‚ÄôUSURE
üìè TAILLE NORMALEMENT (M)",UltraFastFashion
25,TR√àS BON √âTAT,DEFACTO,2022-04-04,PULLS COL ROUL√â,7.5,COMME NEUF,UltraFastFashion
27,TR√àS BON √âTAT,EDEN PARK,2022-04-02,COL ROUL√â EDEN PARK,40.0,"COL ROUL√â EDEN PARK 
TAILLE M (JE FAIS 1M78) 
TR√àS BON √âTAT
MARINE",UltraFastFashion
28,TR√àS BON √âTAT,HUGO,2022-04-04,PULL COL ROUL√â HUGO BOSS,15.0,"PULL 100% LAINE VIERGE, CHAUD ET CONFORTABLE.
PORT√â QUELQUES FOIS, TR√àS BON √âTAT.
BROD√â HUGO SUR MANCHE GAUCHE
ENVOI SOUS 24 HEURES. 
TAILLE M MAIS CONVIENT L (COMME MOI)",UltraFastFashion
46,TR√àS BON √âTAT,CARHARTT,2022-04-04,PULL √Ä COL ROUL√â CARHARTT,35.0,"üëî PULL √Ä COL ROUL√â GRIS CARHARTT 
‚úÖ EN TR√àS BON √âTAT (PORT√â 1OU 2 FOIS)
‚ùå AUCUNE TACHES NI MARQUE D‚ÄôUSURE
üìè TAILLE NORMALEMENT (M)",UltraFastFashion
47,TR√àS BON √âTAT,AMI,2022-04-02,PULL AMI,190.0,"AMI PULL EN LAINE AVEC COL ROUL√â 
TAILLE S OVERSIZE 
AMI PARIS
AUTHENTIQUE AVEC √âTIQUETTE 

PAS D‚Äô√âCHANGE PALM LOUIS YSL OFF WHITE AMI",Fashion
56,NEUF SANS √âTIQUETTE,nan,2022-04-04,PULL HOMME COL ROUL√â,16.0,"PULL HOMME COL ROUL√â TAILLE L 
NEUF",UltraFastFashion
61,NEUF SANS √âTIQUETTE,nan,2022-04-04,PULL HOMME COL ROUL√â,16.0,"PULL HOMME COL ROUL√â TAILLE L 
NEUF",UltraFastFashion
62,NEUF SANS √âTIQUETTE,FIREFLY,2022-04-02,PULL √Ä COL ROUL√â,4.0,PORT√âE QUELQUES FOIS,UltraFastFashion
73,TR√àS BON √âTAT,nan,2022-04-04,COL ROUL√â HOMME TAILLE 46,2.0,TR√àS BON ETAT,UltraFastFashion
84,TR√àS BON √âTAT,RALPH LAUREN,2022-03-14,PULL GILET 1/4 ZIP √Ä COL ROUL√â RALPH LAUREN GRIS - EXCLUSIF üêé,35.0,"PULL GILET 1/4 ZIP √Ä COL ROUL√â RALPH LAUREN GRIS - EXCLUSIF üêé

TAILLE : L POUR HOMME

MESURES (√Ä PLAT) :

- HAUTEUR : 68CM
- √âPAULES : 50CM
- AISSELLES : 60CM
- MANCHES : 61CM

ACHETER DE LA SECONDE MAIN, C'EST PR√âSERVER LA PLAN√àTE ‚ôªÔ∏è

V√äTEMENT LAV√â ET REPASS√â AVANT ENVOI üßΩ













(NVSPU1146)

#PULL #HIVER #RALPH #LAUREN #TENDANCE #MODE #EXCLUSIF #VINTAGE #BRAND #MARQUE #DESTOCK #BRADE #TRUI #KATOEN #MAGLIONE #COTONE #SU√âTER #SUETER #ALGODON #BAUMWOLLE #AGASALHO #ALGADAO #WINTER #FROID #CONFORT #LUXURY #LUXE #SECONDHAND #SECONDEMAIN #ECO #MODA #WEAR #BONPLAN #COOL #FRIPE #FASHION #RETRO #CONFORTABLE #FRIP #FRIPERIE #OUTFIT #NINETIES #90S #CASUAL #STYLE #CHINER #BOUTIQUE #SHOPPING #VINTED #FRIPERIEENLIGNE #LOOK

#NVS_PULLS #NVS_PUMARQUES
#NVS_HOMME #NVS_HL",UltraFastFashion
91,NEUF SANS √âTIQUETTE,SELECTED HOMME,2022-04-04,PULL COL ROUL√â,10.0,"PULL COL ROUL√â GRIS FONC√â 
TAILLE L",UltraFastFashion
92,TR√àS BON √âTAT,nan,2022-04-04,PULL COL ROUL√â,6.0,PULL COL ROUL√â GRIS EN BON √âTAT.,UltraFastFashion
104,TR√àS BON √âTAT,LACOSTE,2022-03-26,COL ROUL√â LACOSTE,40.0,"COL ROUL√â LACOSTE 
TAILLE M (JE FAIS 1M78) 
TR√àS BON √âTAT 
NOIR",Fashion
106,BON √âTAT,DEVRED,2022-03-25,PULL COL ROUL√â DEVRED GRIS,20.0,TAILLE L,UltraFastFashion
112,NEUF SANS √âTIQUETTE,BERSHKA,2022-04-04,COL ROUL√â BERSHKA - HOMME,6.0,JAMAIS PORT√â,FastFashion
115,TR√àS BON √âTAT,CKH,2022-04-04,SWEAT-SHIRT HOMME,4.0,"SWEAT-SHIRT HOMME
COL ROUL√â AVEC CORDON
TR√àS PEU PORT√â",UltraFastFashion
116,TR√àS BON √âTAT,LACOSTE,2022-03-27,PULL COL ROUL√â LACOSTE ORANGE,45.0,"üìå -10% POUR LES ABONN√âS üìå

‚úÖ PULL COL ROUL√â LACOSTE ORANGE 

üè∑ TAILLE XS

üîç L‚Äô√âTAT EST IRR√âPROCHABLE 9,5/10.

üöõ ARTICLE POST√â SOUS 48H. 

ü§∑üèª‚Äç‚ôÇÔ∏è JE SUIS DISPONIBLE SI VOUS AVEZ LA MOINDRE QUESTION SUR LE PRODUIT.",Fashion
122,TR√àS BON √âTAT,THE KOOPLES,2022-03-16,COL ROUL√â THE KOOPLES SPORT,35.0,COL ROUL√â THE KOOPLES SPORT TAILLE M EN TR√àS BON √âTAT,UltraFastFashion
138,TR√àS BON √âTAT,ARTE,2022-03-19,COL ROUL√â L√âGER NOIR DE ARTE ANTWERP,60.0,"AUTHENTIQUE PRODUIT DE LA MARQUE ARTE ANTWERP NOMM√â ¬´ LOUIS ¬ª.
COLLECTION AUTOMNE-HIVER 2021
EN TR√àS BON √âTAT , PORT√â QUELQUES FOIS.
PRIX NEUF : 75‚Ç¨
PRIX N√âGOCIABLE 
TAILLE XS MAIS CONVIENT √Ä UN S.",Undefined
139,TR√àS BON √âTAT,CHAPS,2022-03-17,PULL/SWEAT √Ä COL ROUL√â CHAPS NOIR,19.0,"PULL/SWEAT √Ä COL ROUL√â CHAPS NOIR 


TAILLE : L


MESURES QUI SONT PRISENT √Ä PLAT üìè : 

- LONGUEUR : 65CM
- √âPAULE √Ä √âPAULE : 50CM
- AISSELLE √Ä AISSELLE : 64CM
- MANCHES : 60CM


LE PULL EST D√âJ√Ä LAV√â ET REPASS√â üëç







VLPU-6


#PULL #PULLVINTAGE #VINTAGESTYLE #VINTAGEMODE #OVERSIZE #SWEAT #BONPLAN #TENDANCE #MODE #EXCLUSIF #PULLSTREETWEAR #PULLSPORTWEAR #SWEATSPORTWEAR #SWEATSTREETWEAR #VL_SWEATPULL #SWEATVINTAGE #WORKWEAR #SWEATTENDANCE #PULLTENDANCE",UltraFastFashion
141,NEUF SANS √âTIQUETTE,BERSHKA,2022-04-04,COL ROUL√â BERSHKA - HOMME,6.0,JAMAIS PORT√â,FastFashion
147,NEUF SANS √âTIQUETTE,MANOUKIAN,2022-04-04,COL ROUL√â,7.0,"TR√àS BON √âTAT,JAMAIS PORT√â !",UltraFastFashion
149,NEUF SANS √âTIQUETTE,DEVRED,2022-04-04,PULL COL ROULE,20.0,PULL COL ROULE JAMAIS MIS,UltraFastFashion
150,NEUF SANS √âTIQUETTE,JACK & JONES,2022-04-04,PULL COL ROUL√â NOIR,15.0,COL ROUL√â NOIR JACK&JONES NEUF JAMAIS PORTER TAILLE NORMAL POUR UN S / BONNE COUPE / TR√àS AGR√âABLE √Ä PORTER / PULL ASSEZ FIN,UltraFastFashion
152,NEUF SANS √âTIQUETTE,JULES,2022-04-04,COL ROUL√â,5.0,"COL ROUL√â JAMAIS PORT√â.
EN PARFAIT √âTAT.",UltraFastFashion
159,TR√àS BON √âTAT,DEVRED,2022-04-04,PULL COL ROUL√â,10.0,"PULL √Ä COL ROUL√â DEVRED 
ENVOI RAPIDE ET SOIGN√â 
TAILLE XXL",UltraFastFashion
161,TR√àS BON √âTAT,ERIC BOMPARD,2022-04-04,PULL COL ROUL√â √âRIC BOMPARD TAILLE XS,100.0,PULL ERIC BOMPARD COL ROUL√â TAILLE L MAIS √Ä R√âTR√âCIT VA POUR UN XS.S MAINTENANT C‚ÄôEST DU 6 FILS PRIX BOUTIQUE 335 EUROS,Undefined
167,TR√àS BON √âTAT,BRICE,2022-04-04,COL ROUL√â BRICE,10.0,"CE BEAU PETIT COL ROUL√â GRIS, TR√àS AGR√âABLE √Ä PORTER, TAILLE TR√àS BIEN AUTANT AU NIVEAU DES BRAS QUE DE LA TAILLE, MAIS JE M'EN S√âPARE CAR JE NE LE METS TOUT SIMPLEMENT PLUS !

‚úÖ ARTICLES 100% AUTHENTIQUES

‚úÖ TOUT EST N√âGOCIABLE

‚úÖ ENVOIS RAPIDES (LE JOUR M√äME OU LE LENDEMAIN üèé) ET SOIGN√âS (PRINCIPALEMENT AVEC MONDIAL RELAY MAIS RIEN NE VOUS EMP√äCHE DE CHOISIR UN AUTRE TRANSPORTEUR !üòã)

ü•≥ DES R√âDUCTIONS SUR CHAQUE ARTICLE SI VOUS ME SUIVEZ SUR MON COMPTE VINTED ! ET ENCORE + SI VOUS ME SUIVEZ SUR MON INSTA ! ü•≥

(EXEMPLE : SUR UN ARTICLE √Ä 50‚Ç¨ ‚Üí -5‚Ç¨ SI VOUS ME SUIVEZ SUR VINTED/INSTAGRAM ET -10‚Ç¨ SI VOUS ME SUIVEZ SUR VINTED ET INSTAGRAM !)

VENEZ FAIRE UN TOUR SUR MON INSTA : @_FRAYITO ü§©",UltraFastFashion
168,NEUF SANS √âTIQUETTE,RALPH LAUREN,2022-03-30,COL ROUL√â RALPH LAUREN,55.0,"NEUF JAMAIS PORT√â, TR√àS CLASSE.
TAILLE NORMALEMENT",Undefined
169,NEUF AVEC √âTIQUETTE,STONE ISLAND,2022-04-04,COL ROUL√â GRIS STONE ISLAND L,107.0,"‚¨áÔ∏è TAILLE ET INFORMATIONS CI-DESSOUS ‚¨áÔ∏è



√âTAT DE L‚ÄôARTICLE -> 8 /10üè∑

TAILLE -> L ( CONVIENT √Ä UN M ) üìè

INFOS D√âFAUTS -> ‚ùå

MANNEQUIN -> 1M85 POUR 70KG 

INSTAGRAM -> ONEOFF.INDUSTRY üöÑ

‚û°Ô∏è POUR VOIR LES PROCHAINS ARTICLES EN AVANT PREMI√àRE üìÜ


#STONEISLAND #CASUAL #STREETWEAR",Undefined
176,NEUF SANS √âTIQUETTE,SANDRO,2022-04-04,COL ROUL√â SANDRO 100% CASHMERE,115.0,"COL ROUL√â SANDRO EN TR√àS BON √âTAT üíé
TAILLE M
100% CASHMERE, TR√àS AGR√âABLE √Ä PORTER
LA HOUSSE PR√âSENTE SUR LA PHOTO N‚ÄôEST PAS VENDU AVEC‚ùóÔ∏è
100% AUTHENTIQUE ‚úÖ
ENVOI LE JOUR M√äME OU LE LENDEMAIN üì¶‚è≥

üîî N‚ÄôH√âSITE PAS √Ä T‚ÄôABONNER ET REGARDER MES AUTRES ARTICLES. JE POSTE R√âGULI√àREMENT DES ARTICLES DE GRANDES MARQUES ‚úÖ",Fashion
177,NEUF AVEC √âTIQUETTE,NA-KD,2022-04-04,PULL CHAUD COL ROUL√â NA-KD 36,15.0,"PULL CR√àME, JAMAIS PORT√â, NEUF AVEC √âTIQUETTE",UltraFastFashion
178,NEUF SANS √âTIQUETTE,AMI,2022-04-04,COL ROUL√â AMI PARIS,250.0,"PORTER 3 FOIS 
10/10 
ACHET√â SUR NICE √Ä LA BOUTIQUE LAFABRIC 
ACHETER 400 EUROS 
TAILLE L",Fashion
180,TR√àS BON √âTAT,LACOSTE,2022-04-04,COL ROUL√â LACOSTE VINTAGE,34.0,"PULL EN TR√àS BON √âTAT ! 
TAILLE M - S
N‚ÄôH√âSITEZ PAS POUR PLUS D‚ÄôINFO",Fashion
192,NEUF SANS √âTIQUETTE,MANOUKIAN,2022-04-04,COL ROUL√â,7.0,"TR√àS BON √âTAT,JAMAIS PORT√â !",UltraFastFashion
194,NEUF SANS √âTIQUETTE,DEVRED,2022-04-04,PULL COL ROULE,20.0,PULL COL ROULE JAMAIS MIS,UltraFastFashion
195,NEUF SANS √âTIQUETTE,JACK & JONES,2022-04-04,PULL COL ROUL√â NOIR,15.0,COL ROUL√â NOIR JACK&JONES NEUF JAMAIS PORTER TAILLE NORMAL POUR UN S / BONNE COUPE / TR√àS AGR√âABLE √Ä PORTER / PULL ASSEZ FIN,UltraFastFashion
196,NEUF SANS √âTIQUETTE,JULES,2022-04-04,COL ROUL√â,5.0,"COL ROUL√â JAMAIS PORT√â.
EN PARFAIT √âTAT.",UltraFastFashion
198,TR√àS BON √âTAT,DEVRED,2022-04-04,PULL COL ROUL√â,10.0,"PULL √Ä COL ROUL√â DEVRED 
ENVOI RAPIDE ET SOIGN√â 
TAILLE XXL",UltraFastFashion
209,TR√àS BON √âTAT,AMERICAN VINTAGE,2022-04-04,PULL COL ROUL√â AMERICAN VINTAGE,20.0,TR√àS PEU PORT√â. VENDU CAR TROP PETIT.,UltraFastFashion
219,TR√àS BON √âTAT,UNIQLO,2022-04-04,COL ROUL√â UNIQLO,6.0,PULL COL ROUL√â DE A MARQUE UNIQLO TAILLE M,FastFashion
220,TR√àS BON √âTAT,PRIMO EMPORIO,2022-04-04,PULL COL ROULER,20.0,"VENDS BEAU PULL COL ROULER NOIR 
‚ö†Ô∏è TAILLE M MAIS CORRESPOND √Ä UN S ‚ö†Ô∏è

ACHETER SUR VINTED MAIS TROP PETIT POUR MOI
TR√àS BEAU ET DE BONNE QUALIT√â. 
UNISEXE, IL FERA TR√àS BEL EFFET AUSSI BIEN SUR UNE FEMME QUE SUR UN HOMME.",UltraFastFashion
221,BON √âTAT,KIABI,2022-04-04,PULL COL ROUL√â,4.0,"PULL COL ROUL√â, MAILLE FINE, NOIR",FastFashion
222,BON √âTAT,RALPH LAUREN,2022-04-04,COL ROUL√â BLEU CIEL RALPH LAUREN L FEMME,2.0,"COL ROUL√â EN COTON BLEU CIEL RALPH LAUREN FEMME 
TAILLE L 
BON √âTAT",UltraFastFashion
225,BON √âTAT,JULES,2022-04-04,PULL TORSADE,5.0,PULL √Ä COL ROUL√â,UltraFastFashion
226,TR√àS BON √âTAT,HUGO BOSS,2022-04-04,PULL COL ROUL√â,15.0,PEU PORT√â,UltraFastFashion
246,TR√àS BON √âTAT,AMI,2022-03-17,COL ROUL√â AMI,280.0,COL ROUL√â AMI EN PARFAIT √âTAT,Fashion
252,NEUF SANS √âTIQUETTE,nan,2022-04-04,PULL COL ROUL√â,7.0,PULL COL ROUL√â,UltraFastFashion
254,NEUF AVEC √âTIQUETTE,ZARA,2022-04-04,PULL COL ROUL√â,20.0,PULL COL ROUL√â BLANC ZARA JAMAIS PORT√â (CADEAU DE NO√ãL).,FastFashion
255,TR√àS BON √âTAT,RALPH LAUREN,2022-04-04,PULL RALPH LAUREN,35.0,"PULL RALPH LAUREN √Ä COL ROUL√â, QUI N'ATTEND QUE D'√äTRE PORT√â ! 
IL EST EN TR√àS BON √âTAT :)

T‚ÄôES INT√âRESS√â(E) ? VIENS DANS MES DM DIRECTEMENT ! ‚úâÔ∏è
ON POURRA DISCUTER DU PRIX TRANQUILLEMENT, ET PUIS, SI T‚ÄôAS DES QUESTIONS, JE SERAI L√Ä POUR TOI ! üòâ 

J‚ÄôENVOIE LE PLUS RAPIDEMENT POSSIBLE ! üì¶

TAILLE M HOMME, COULEUR GRIS FONC√â",UltraFastFashion
260,TR√àS BON √âTAT,DEVRED,2022-04-04,PULL LAINE COL ROUL√â DEVRED,5.0,PULL EN LAINE COL ROUL√â COULEUR GRIS TAILLE L,UltraFastFashion
265,NEUF SANS √âTIQUETTE,nan,2022-04-04,PULL COL ROUL√â,7.0,PULL COL ROUL√â,UltraFastFashion
267,NEUF AVEC √âTIQUETTE,ZARA,2022-04-04,PULL COL ROUL√â,20.0,PULL COL ROUL√â BLANC ZARA JAMAIS PORT√â (CADEAU DE NO√ãL).,FastFashion
268,TR√àS BON √âTAT,RALPH LAUREN,2022-04-04,PULL RALPH LAUREN,35.0,"PULL RALPH LAUREN √Ä COL ROUL√â, QUI N'ATTEND QUE D'√äTRE PORT√â ! 
IL EST EN TR√àS BON √âTAT :)

T‚ÄôES INT√âRESS√â(E) ? VIENS DANS MES DM DIRECTEMENT ! ‚úâÔ∏è
ON POURRA DISCUTER DU PRIX TRANQUILLEMENT, ET PUIS, SI T‚ÄôAS DES QUESTIONS, JE SERAI L√Ä POUR TOI ! üòâ 

J‚ÄôENVOIE LE PLUS RAPIDEMENT POSSIBLE ! üì¶

TAILLE M HOMME, COULEUR GRIS FONC√â",UltraFastFashion
269,TR√àS BON √âTAT,TERANCE KOLE,2022-04-04,TRES JOLI PULL COL ROULE TAILLE XL,4.99,TRES BON √âTAT,UltraFastFashion
270,BON √âTAT,C&A,2022-04-04,SUPERBE PULL COL ROULE,3.49,BON √âTAT G√âN√âRAL,UltraFastFashion
278,TR√àS BON √âTAT,DEVRED,2022-04-04,PULL LAINE COL ROUL√â DEVRED,5.0,PULL EN LAINE COL ROUL√â COULEUR GRIS TAILLE L,UltraFastFashion
280,BON √âTAT,JULES,2022-04-04,COL ROUL√â JULE,5.0,"√âTIQUETTE COUP√â
PEU PORT√â
ACHET√â IL Y A 3 MOIS",UltraFastFashion
286,TR√àS BON √âTAT,CELIO,2022-04-04,PULL √Ä COL ROULE CELIO,8.0,"PULL √Ä COL ROULE EN TR√àS BON √âTAT. CONFORTABLE, MATI√àRE DOUCE ET AGR√âABLE. TAILLE PARFAITEMENT.",UltraFastFashion
288,NEUF SANS √âTIQUETTE,ESPRIT,2022-04-04,PULL COL ROUL√â ESPRIT,8.0,"PULL COL ROUL√â ESPRIT, JAMAIS PORT√â JUSTE MIS √Ä LA MACHINE, TAILLE L. 

100% COTON.",UltraFastFashion
290,NEUF SANS √âTIQUETTE,COLLUSION,2022-04-04,COL ROULE ORANGE,7.0,JAMAIS PORT√â,UltraFastFashion
293,BON √âTAT,YOURTURN,2022-04-04,PULL COL ROUL√â GRIS CHIN√â,5.0,PULL COL ROUL√â GRIS CHIN√â MANCHE LONGUES,UltraFastFashion
294,TR√àS BON √âTAT,ZARA,2022-04-04,PULL COL ROUL√â ZARA,20.0,"TR√àS BON √âTAT 
PAS DE D√âFAUT",FastFashion
0,SATISFAISANT,SISLEY,2022-02-05,,17.0,"COL ROUL√â SISLEY UNISEXE. EN LAINE AVEC C√îTES HORIZONTALES DANS LA PARTIE CENTRALE ET VERTICALES AUX POIGNETS, √Ä LA FIN ET AU COL.TRADUIRE",UltraFastFashion
1,NEUF AVEC √âTIQUETTES,TRUSSARDI,2020-10-06,,115.0,PULL COL ROUL√â UNISEXE MARRON EN LAINE ET ACRYLIQUE. CORRESPOND √Ä LA TAILLE INDIQU√âE SUR L'√âTIQUETTE. PETIT LOGO EN BAS.TRADUIRE,Undefined
2,TR√àS BON √âTAT,HARTFORD,2021-02-05,,75.0,"PULL COL ROUL√â FLUIDE EN LAINE ET CACHEMIRE 
PEUT SE PORTER UNISEXTRADUIRE",Undefined
3,BON √âTAT,DOLCE & GABBANA,2018-04-06,,130.0,COL ROUL√â EN LAINE M√âRINOS AVEC LETTRES SNOV EN MORCEAUX DE LA M√äME LAINE COUSUS SUR LE DESSUS. IL EST DROIT SANS √âLASTIQUE. IL PEUT √äTRE UNISEXE .... LONGUEUR DES MANCHES 67CM.TRADUIRE,Fashion
4,BON √âTAT,BALENCIAGA,2022-02-16,,91.92,TUNIQUE COL ROUL√â EN LAINE NOIRE BALENCIAGA DOS DRAP√â MANCHES LONGUES. TAILLE DE L'√âTIQUETTE D'ENTRETIEN : 38. TAILLE : UK 10 | √âTATS-UNIS 6 | UE 38. 100% LAINE. CONDITION EXCELLENTE. L'ARTICLE MONTRE DES SIGNES D'UTILISATION DOUCE. VEUILLE...LIRE LA SUITETRADUIRE,Fashion
5,NEUF AVEC √âTIQUETTES,TRUSSARDI,2020-10-04,,115.0,PULL COL ROUL√â UNISEXE BLEU FONC√â EN LAINE ET ACRYLIQUE. CORRESPOND √Ä LA TAILLE INDIQU√âE SUR L'√âTIQUETTE. PETIT LOGO EN BAS.TRADUIRE,Undefined
6,NEUF AVEC √âTIQUETTES,TRUSSARDI,2020-10-04,,115.0,PULL COL ROUL√â UNISEXE BLEU FONC√â EN LAINE ET ACRYLIQUE. CORRESPOND √Ä LA TAILLE INDIQU√âE SUR L'√âTIQUETTE. PETIT LOGO EN BAS.TRADUIRE,Undefined
7,TR√àS BON √âTAT,ISABEL MARANT ETOILE,2021-11-27,,466.0,"PONCHO/CAPE COL ROUL√â EN LAINE M√âLANG√âE MULTI-PATCHWORK AUX TONS GRIS. 
LE STYLE EST CONNU SOUS LE NOM DE ¬´¬†RAQUEL¬†¬ª ET COMPORTE UN TRICOT MULTI-TEXTUR√â SUR LE DEVANT ET UN TRICOT UNI √Ä L'ARRI√àRE.
UN LOOK SURDIMENSIONN√â QUI FLATTE TOUTES LE...LIRE LA SUITETRADUIRE",Fashion
8,NEUF SANS √âTIQUETTE,CARAMEL,2020-03-05,,121.29,"SUPERBE PULL √Ä COL ROUL√â EN LAINE CARAMEL POUR FEMMES. ACHET√â L'AUTOMNE DERNIER MAIS JAMAIS PORT√â. CONVIENT AU ROYAUME-UNI 6-12 POUR UN JOLI LOOK SURDIMENSIONN√â. 100% LAINE. DE LA MAISON SANS ANIMAUX ET SANS FUM√âE. 
 
TRADUIRE",Undefined
9,BON √âTAT,CALVIN KLEIN COLLECTION,2022-02-20,,49.79,"COLLECTION CALVIN KLEIN - PULL NOIR √Ä COL ROUL√â EN LAINE TRICOT√âE.
TAILLE L, MAIS CONVIENT √âGALEMENT √Ä M.
100¬†% PURE LAINE VIERGE.
MAILLE STRUCTUR√âE DE TYPE 2.[[2] ]] DOUBL√â UNI SUR LE COL ROUL√â ET LE BAS. AUTRE- SUR LE CORPS ET LES MANCHES...LIRE LA SUITETRADUIRE",Undefined
10,BON √âTAT,BALMAIN,2022-01-28,,204.28,PULL COL ROUL√â BALMAIN EN LAINE M√âLANG√âE NOIRE √Ä COL MONTANT. TAILLE DE L'√âTIQUETTE D'ENTRETIEN : 36. TAILLE : UK 8 | √âTATS-UNIS 4 | UE 36. MOHAIR 42%; 40 % POLYAMIDE ; 18% LAINE. CONDITION EXCELLENTE. L'ARTICLE MONTRE DES SIGNES D'UTILISAT...LIRE LA SUITETRADUIRE,Fashion
11,NEUF AVEC √âTIQUETTES,TRUSSARDI,2020-10-02,,115.0,PULL UNISEXE EN LAINE ET ACRYLIQUE √Ä COL ROUL√â BLEU CLAIR. CORRESPOND √Ä LA TAILLE INDIQU√âE SUR L'√âTIQUETTE. PETIT LOGO EN BAS.TRADUIRE,Undefined
12,BON √âTAT,LORO PIANA,2021-12-24,,345.99,HAUT √Ä COL ROUL√â C√îTEL√â EN LAINE BLEUE TEXTUR√âE LORO PIANA. TAILLE DE L'√âTIQUETTE D'ENTRETIEN : 52. TAILLE : UK 42 | √âTATS-UNIS 42 | UE XL. 100% LAINE. CONDITION EXCELLENTE. L'ARTICLE MONTRE DES SIGNES D'UTILISATION DOUCE. VEUILLEZ NOTER QU...LIRE LA SUITETRADUIRE,Fashion
13,BON √âTAT,ROBERTO CAVALLI,2021-11-25,,94.48,COL ROUL√â SANS MANCHES EN LAINE MARRON ROBERTO CAVALLI. TAILLE DE L'√âTIQUETTE D'ENTRETIEN : IT 40. TAILLE : UK 8 | √âTATS-UNIS 4 | UE 36. 70% LAINE; 30% CACHEMIRE. CONDITION EXCELLENTE. L'ARTICLE MONTRE DES SIGNES D'UTILISATION DOUCE. VEUILL...LIRE LA SUITETRADUIRE,Undefined
14,NEUF AVEC √âTIQUETTES,AQUASCUTUM,2020-12-01,,125.0,"PULL UNISEXE EN 90% LAINE ET 10% CACHEMIRE, COULEUR BLEU CLAIR AVEC LOGO VISIBLE. COL ROUL√â. CORRESPOND √Ä LA TAILLE INDIQU√âE SUR L'√âTIQUETTE.TRADUIRE",Undefined
15,NEUF AVEC √âTIQUETTES,AQUASCUTUM,2020-12-01,,125.0,"PULL UNISEXE EN 90% LAINE ET 10% CACHEMIRE, COULEUR BLEU CLAIR AVEC LOGO VISIBLE. COL ROUL√â. CORRESPOND √Ä LA TAILLE INDIQU√âE SUR L'√âTIQUETTE.TRADUIRE",Undefined
16,NEUF AVEC √âTIQUETTES,AQUASCUTUM,2020-12-01,,125.0,"PULL UNISEXE EN 90% LAINE ET 10% CACHEMIRE, COULEUR BLEU CLAIR AVEC LOGO VISIBLE. COL ROUL√â. CORRESPOND √Ä LA TAILLE INDIQU√âE SUR L'√âTIQUETTE.TRADUIRE",Undefined
17,BON √âTAT,YOHJI YAMAMOTO,2021-01-25,,144.0,"POITRINE 50 CM
LONGUEUR TOTALE 68 CM

PULL COL ROUL√â 
YOHJI YAMAMOTO Y‚ÄôS 
TAILLE 3 JAPON (VOIR MESURES)
EN LAINE CHIN√â RUSTIQUE, FINITIONS BORD FRANC 
PLUT√îT UNISEXE DANS LA COUPE 

EN TR√àS BONNE √âTAT √Ä PAR UN √âCART DE MAILLE DEVANT, JE NE ...LIRE LA SUITETRADUIRE",Undefined
18,TR√àS BON √âTAT,JUUNJ,2021-12-21,,116.0,"PULL √Ä COL ROUL√â BLANC CASS√â DE JUUN.J EN M√âLANGE DE LAINE FINE AVEC POLICE GENDERLESS SUR LA POITRINE.
M√âLANGE DE LAINE TR√àS DOUX. L'√âTIQUETTE DE COMPOSITION ET L'√âTIQUETTE DE TAILLE ONT √âT√â D√âCOUP√âES. SUPERBE PI√àCE UNISEXE¬†!


TAILLE¬†: SA...LIRE LA SUITETRADUIRE",Undefined
20,NEUF AVEC √âTIQUETTES,BAUM UND PFERDGARTEN,2022-03-01,,55.0,"LE COL ROUL√â DE BAUM UND PFERDGARTEN EST COMPOS√â D'UN M√âLANGE DE LAINE ET A UN DESIGN SANS MANCHES. EN RAISON DE LA FINITION DOUCE DU MAT√âRIAU, LE MOD√àLE IMPRESSIONNE PAR SA SENSATION DE CONFORT. LA PI√àCE TENDANCE √Ä LA MODE EST COMPL√âT√âE PA...LIRE LA SUITETRADUIRE",Undefined
21,TR√àS BON √âTAT,ALL SAINTS,2022-02-02,,51.07,"ALL SAINTS WOOL BLEND MENS CARDIGAN S (CONVIENT AUX FEMMES DE TAILLE MOYENNE) EXCELLENT √âTAT
EXCELLENT √âTAT, COMME NEUF
CONCEPTION √Ä COL ROUL√â FLEXIBLE¬†: VOUS POUVEZ L'ENROULER DE HAUT EN BAS
PARFAIT POUR S'HABILLER DE HAUT EN BAS
JE L'UTIL...LIRE LA SUITETRADUIRE",Undefined
22,TR√àS BON √âTAT,MAX MARA,2019-12-19,,77.0,"PULL √Ä COL ROUL√â RAY√â MARRON ET NOIR MAX MARA, 45% MOHAIR, 35% LAINE, 20% NYLON. TAILLE S, CONVIENT AU ROYAUME-UNI 10-12, FRAN√áAIS 38. FABRIQU√â EN ITALIE.TRADUIRE",Undefined
24,BON √âTAT,HUGO BOSS,2022-01-27,,33.0,TR√àS BEAU PULL √Ä COL ROUL√â DE HUGO DANS UNE SUPER QUALIT√â DE LAINE VIERGE. MOD√àLE UNISEXE ! UN FIL A ¬´ √âCHAPP√â ¬ª MAIS AUCUNE INFLUENCE SUR LA PORTABILIT√â (VOIR PHOTO)TRADUIRE,UltraFastFashion
25,NEUF SANS √âTIQUETTE,ROBERTO CAVALLI,2021-10-14,,180.0,"PULL COL ROUL√â ROBERTO CAVALLI PREMI√àRE LIGNE.
TAILLE S, IL EST UNISEXE.
100% LAINE.
COULEUR NOIR.
NOUVEAU, DISPONIBLE D√àS MAINTENANT SUR LE SITE.TRADUIRE",Fashion
26,NEUF AVEC √âTIQUETTES,ROBERTO COLLINA,2021-11-11,,100.0,PULL COL ROUL√â SLIM UNISEXETRADUIRE,Undefined
27,TR√àS BON √âTAT,TOT√äME,2022-03-07,,434.09,"PULL √Ä COL ROUL√â √Ä RAYURES TOTEME SIGNATURE.

PORT√â SEULEMENT QUELQUES FOIS ET JE SUIS EN EXCELLENT √âTAT.

TAILLE DE CR√âATEUR S. JE SUIS AU ROYAUME-UNI 8/10 ET S'ADAPTE PARFAITEMENT. STYLE SURDIMENSIONN√â POUR CONVENIR AU ROYAUME-UNI 8-12.

...LIRE LA SUITETRADUIRE",Fashion
28,BON √âTAT,NON SIGN√â / UNSIGNED,2020-10-11,,27.0,"PULL COL ROUL√â 100% LAINE, BLEU MOUTARDE ET NOIR SUR LE DEVANT ET NOIR UNI AU DOS, FIN MAIS TR√àS CHAUD, PARFAIT √âTAT.TRADUIRE",UltraFastFashion
29,TR√àS BON √âTAT,WHISTLES,2020-11-28,,42.0,"MAGNIFIQUE MAXI ROBE RAY√âE EN LAINE M√âLANG√âE SANS MANCHES DE WHISTLES TAILLE M 
 FABRIQU√â AU ROYAUME-UNI. SUPERBES BOTTES ET COL ROUL√â 
 MAISON SANS FUM√âE 
 131 CM DE LONG 
 51 CM DE BRAS √Ä BRAS AVANT 
 34 CM SUR LES √âPAULES 
 PORT√â QUELQUE...LIRE LA SUITETRADUIRE",UltraFastFashion
30,TR√àS BON √âTAT,KAREN MILLEN,2021-12-22,,57.45,"PULL √Ä COL ROUL√â ROUGE FONC√â KAREN MILLEN, TAILLE UK 10, EXCELLENT √âTAT
*** PAS S√õR DE LA TAILLE MAIS CONVIENT AU ROYAUME-UNI 10, VEUILLEZ VOUS R√âF√âRER AUX MESURES 
[ [2]]COMPOSITION : 92 % LAINE, 7 % POLYAMIDE, 1 % √âLASTHANN

MESURES
...LIRE LA SUITETRADUIRE",Undefined
31,TR√àS BON √âTAT,ISABEL MARANT ETOILE,2017-11-07,,139.0,"ISABEL MARANT, PULL UNI, COL ROUL√â. TAILLE 2.TRADUIRE",Fashion
33,NEUF SANS √âTIQUETTE,JEAN PAUL GAULTIER,2021-12-31,,115.0,"PULL COL ROUL√â CLASSIQUE. AVEC UN GRAND LOGO JPG
LAINE GRISE
TAILLE XL FEMELLE, L M√ÇLE. 
UNISEXE JEAN'S PAUL GAULTIER.TRADUIRE",Undefined
34,NEUF AVEC √âTIQUETTES,ROBERTO COLLINA,2021-12-12,,120.0,"PULL COL ROUL√â SLIM, UNISEXE.TRADUIRE",Undefined
35,NEUF AVEC √âTIQUETTES,AQUASCUTUM,2020-11-30,,125.0,PULL UNISEXE 90% LAINE ET 10% CACHEMIRE COULEUR SAUMON. COL ROUL√â. CORRESPOND √Ä LA TAILLE INDIQU√âE SUR L'√âTIQUETTE.TRADUIRE,Undefined
36,NEUF AVEC √âTIQUETTES,WOLFORD,2022-02-27,,175.0,"ROBE EN MAILLE L√âG√àRE WOLFORD. 
COULEUR ROSE POUDR√â UNI AVEC APPLICATIONS. 
COL ROUL√â ET MANCHES LONGUES.
MATI√àRE¬†: LAINE VIERGE
LONGUEUR D'ENVIRON 90¬†CM
TAILLE XS. NEUF AVEC √âTIQUETTE, JAMAIS PORT√â.
LIVR√â AVEC SA BOITE D'ORIGINE. 
PRIX BOU...LIRE LA SUITETRADUIRE",Fashion
37,TR√àS BON √âTAT,PINKO,2021-01-25,,45.0,"ROBE PINKO 
 
 TAILLE IT: 40COMPOSITION: 70% LAINE VIERGE, 28% VISCOSE, 2% √âLASTHANNE.LONGUEUR: 48 CM LARGEUR POITRINE: 40 CMD√âTAILS: UNI, FERMETURE ZIPP√âE SUR LE C√îT√â, COL ROUL√â, SANS MANCHES.ETAT: EXCELLENT.TRADUIRE",Undefined
38,TR√àS BON √âTAT,NON SIGN√â / UNSIGNED,2022-02-05,,43.0,"PULL √Ä COL ROUL√â VINTAGE UNISEXE DEVANT LE MOTIF TISS√â. MOD√àLE TAILLE L OVERSIZE, COLORIS NOIR ET BLANC.
 ETIQUETTE DE COMPOSITION COUP√âE MAIS IL S'AGIRAIT DE LAINE ET D'ANGORA, NOTAMMENT UNE LAINE TR√àS FINE R√âALIS√âE √Ä PARTIR DE FOURRURE DE...LIRE LA SUITETRADUIRE",UltraFastFashion
39,SATISFAISANT,ALEXANDER MCQUEEN,2021-12-19,,203.0,ROBE √Ä COL ROUL√â EN SOIE M√âLANG√âE NOIRE ALEXANDER MCQUEEN. TAILLE DE L'√âTIQUETTE D'ENTRETIEN : IT 40. TAILLE : UK 8 | √âTATS-UNIS 4 | UE 36. 40% SOIE; 36¬†% DE VISCOSE¬†; 24% LAINE. BONNE CONDITION. L'ARTICLE EST BIEN ENTRETENU ET PR√âSENTE DES...LIRE LA SUITETRADUIRE,Fashion
40,TR√àS BON √âTAT,DOLCE & GABBANA,2022-01-28,,201.72,DOLCE & GABBANA ROBE NOIRE √Ä MANCHES LONGUES ET COL ROUL√â EN VISCOSE M√âLANG√âE. TAILLE DE L'√âTIQUETTE D'ENTRETIEN : 40. TAILLE : UK 8 | √âTATS-UNIS 4 | UE 36. 80 % VISCOSE ; 20% LAINE. √âTAT IMPECCABLE. L'ARTICLE NE MONTRE AUCUN SIGNE D'UTILIS...LIRE LA SUITETRADUIRE,Fashion
42,BON √âTAT,BALENCIAGA,2021-12-14,,650.0,"PULL LOGO BALENCIAGA 

- PULL COL ROUL√â
- COUPE OVERSIZE 
- UNISEXE 
- BONNE QUALIT√â
- RARE [[2] ]- 70% LAINE VIERGE, 30% CACHEMIRE
TRADUIRE",Fashion
46,BON √âTAT,BALENCIAGA,2021-11-30,,499.0,"~ PULL LOGO BALENCIAGA
~ PULL COL ROUL√â
~ PEUT √äTRE PORT√â UNISEXE 
~ COUPE OVERSIZE 
~ TAILLE FR 42, CONVIENT √Ä BEAUCOUP DE TAILLES,
VEUILLEZ VOUS R√âF√âRER AUX MESURES 
~ JAMAIS PORT√â, NEUF 
~ 70% LAINE, 30% CACHEMIRE 
~ STYLE UNIQUE...LIRE LA SUITETRADUIRE",Fashion
48,TR√àS BON √âTAT,LEMAIRE,2021-12-25,,240.84,"PULL COL ROUL√â EN LAINE MARRON & NOIR TR√àS RARE DE CHEZ LEMAIRE. CET ARTICLE EST COMPOS√â √Ä 100 % DE LAINE, VEUILLEZ DONC NOTER QUE LES MAT√âRIAUX SONT BEAUCOUP PLUS √âPAIS ET DIFF√âRENTS DU POPULAIRE PULL √Ä COL ROUL√â EN JERSEY DE COTON DE LEMA...LIRE LA SUITETRADUIRE",Fashion
49,TR√àS BON √âTAT,DOLCE & GABBANA,2021-11-02,,322.93,"BLAZER VINTAGE DOLCE GABBANA COL ROUL√â EN LAINE √Ä CHEVRONS GRIS IT44 M
R√âF√âRENCE : GIYG/A00087
MARQUE : DOLCE GABBANA
MATI√àRE : LAINE
COULEUR : GRIS[[2] ]MOTIF : UNI
FERMETURE : ZIP
D√âTAIL SUPPL√âMENTAIRE : TWEED √Ä CHEVRONS. COL ROUL√â EN FAU...LIRE LA SUITETRADUIRE",Fashion
50,TR√àS BON √âTAT,MAISON MARTIN MARGIELA,2022-02-26,,546.5,"VINTAGE MAISON MARGIELA PULL COL ROUL√â COUPE ASYM√âTRIQUE EN LAINE NOIRE M
R√âF√âRENCE : LNKO/A01866
MARQUE : MAISON MARGIELA
MATI√àRE : LAINE
COULEUR : NOIR[[2] ]MOTIF¬†: UNI
D√âTAIL SUPPL√âMENTAIRE¬†: COUPE ASYM√âTRIQUE POUR DONNER L'IMPRESSION QU...LIRE LA SUITETRADUIRE",Fashion
51,TR√àS BON √âTAT,ALEXANDER MCQUEEN,2021-10-15,,248.41,"NOUVEAU PULL COL ROUL√â C√îTEL√â ALEXANDER MCQUEEN EN LAINE NOIRE M√âLANG√âE ANGORA S
R√âF√âRENCE : AEMA/A00037
MARQUE : ALEXANDER MCQUEEN
MATI√àRE : ANGORA
COULEUR : NOIR[[2] ]MOTIF¬†: UNI
D√âTAIL SUPPL√âMENTAIRE¬†: COL ROUL√â CH√ÇLE C√îTEL√â. MANCHES LON...LIRE LA SUITETRADUIRE",Fashion
52,NEUF AVEC √âTIQUETTES,LOEWE,2021-10-21,,409.88,"NEW LOEWE PULL COL ROUL√â EN GROSSE MAILLE JAUNE ROBE JUPE TRANSPARENTE M
R√âF√âRENCE : TGAS/B01051
MARQUE : LOEWE
DESIGNER : JW ANDERSDON
MATI√àRE : LAINE[[2 ]]COULEUR¬†: JAUNE
MOTIF¬†: UNI
D√âTAIL SUPPL√âMENTAIRE¬†: ROBE CARACO AMOVIBLE NUDE.
FABR...LIRE LA SUITETRADUIRE",Fashion
53,TR√àS BON √âTAT,FABIANA FILIPPI,2021-08-27,,140.09,"LE PULL FABIANA FILIPPI EST PROPOS√â DANS UNE LAINE M√âRINOS NOIRE AVEC UNE BORDURE EN RUBAN MARRON ET UN COL ROUL√â. FABRIQU√â EN ITALIE.TR√àS BON
√âTAT D'OCCASION. 

MARQU√â¬†: I 42/S 

MESURES¬†: 
 
√âPAULE¬†: 16 POUCES BUSTE¬†: 34 POUCES MANCHE¬†: 2...LIRE LA SUITETRADUIRE",Undefined
56,TR√àS BON √âTAT,RICK OWENS,2022-02-27,,145.32,"RICK OWENS LILIES PULL COL ROUL√â MANCHES DOLMAN GRIS POUSSI√àRE IT40 S
R√âF√âRENCE : MELK/A00050
MARQUE : RICK OWENS
COULEUR : GRIS
MOTIF : UNI[[2 ]]D√âTAIL SUPPL√âMENTAIRE¬†: COL ROUL√â. MANCHES CHAUVE-SOURIS. COUPE AMPLE.
FABRIQU√â EN¬†: ITALIE

C...LIRE LA SUITETRADUIRE",Undefined
57,TR√àS BON √âTAT,RALPH LAUREN COLLECTION,2020-12-07,,78.8,"LE PULL POLO BY RALPH LAUREN EST EN LAINE OLIVE / ANGORA AVEC UNE BORDURE EN DAIM AVEC UN FAUX COL ROUL√â ET UNE FERMETURE BOUTONN√âE. 
 TR√àS BON √âTAT D'OCCASION.MESURES: √âPAULE: 17 PO. . MANCHE: 27 PO. LONGUEUR: 25 PO. 
 
 SKU: 105894 
 CAT√â...LIRE LA SUITETRADUIRE",Undefined
58,TR√àS BON √âTAT,BRUNELLO CUCINELLI,2021-09-26,,397.9,"LA ROBE BRUNELLO CUCINELLI EST DISPONIBLE DANS UNE LAINE VIERGE AUBERGINE AVEC UNE DOUBLURE AVEC UN FAUX COL ROUL√â, UNE LIGNE TRAP√âZO√èDALE, DES SURPIQ√õRES ET UNE FERMETURE √Ä GLISSI√àRE AU DOS. FABRIQU√â EN ITALIE.TR√àS BON
√âTAT D'OCCASION. 

M...LIRE LA SUITETRADUIRE",Fashion
59,TR√àS BON √âTAT,ARMANI EXCHANGE,2022-02-11,,65.18,"ARMANI EXCHANGE PULL NOIR √Ä COL ROUL√â, TOUS LES ARTICLES SONT GARANTIS AUTHENTIQUES.




MAILLE DOUCE
EXTENSIBLE[[2] ]]ENCOLURE HAUTE (RONDE)
MANCHES LONGUES
UNI 




TAILLE¬†: XS[ [2]]

NUM√âRO D'ARTICLE¬†: NN-123-1502




[[2 ]] MENSURATIONS...LIRE LA SUITETRADUIRE",Undefined
60,NEUF AVEC √âTIQUETTES,AMEN PAPA,2022-03-05,,173.76,COL ROUL√â UNISEXE ENTI√àREMENT NEUF AVEC √âTIQUETTETRADUIRE,Fashion
61,TR√àS BON √âTAT,KHAITE,2022-02-26,,546.5,"KHAITE 100% LAINE MANCHES BOUFFANTES COUTURES CONTOUR ARRONDIES PULL COL ROUL√â COURT C√îTEL√â XS
R√âF√âRENCE : LNKO/A01870
MARQUE : KHAITE
MATI√àRE : LAINE
COULEUR : BLANC[[ 2]]MOTIF¬†: UNI
D√âTAILS SUPPL√âMENTAIRES¬†: COUTURE
FABRIQU√â EN¬†:¬†MONGOLIE...LIRE LA SUITETRADUIRE",Fashion
62,TR√àS BON √âTAT,JOSEPH,2021-05-26,,136.63,"JOSEPH PULL AJUST√â √Ä COL ROUL√â 100% LAINE M√âRINOS FINE XS 
 MARQUE: JOSEPH 
 NOM DU MOD√àLE / STYLE: PULL COL ROUL√â 
 MATI√àRE: LAINE 
 COULEUR: MARINE [ [2]] MOTIF: UNI 
 D√âTAIL SUPPL√âMENTAIRE: PULL COL ROUL√â MANCHES LONGUES. COL ROUL√â....LIRE LA SUITETRADUIRE",Undefined
64,NEUF SANS √âTIQUETTE,NON SIGN√â / UNSIGNED,2021-11-18,,30.0,GILET PULL COL ROUL√â EN LAINE ET CACHEMIRE M√âLANG√âS AVEC MOTIF EN MAILLE TORSAD√âE.TRADUIRE,UltraFastFashion
65,TR√àS BON √âTAT,NON SIGN√â / UNSIGNED,2021-10-30,,27.0,"COL ROUL√â EN LAINE 
 DIMENSIONS : 
 COL ROUL√â 19 CM 
 LONGUEUR PULL 56 CM 
 POITRINE 46 CM (MESUR√âE D'AISSELLE √Ä AISSELLE) 
 LONGUEUR MANCHE 62 CM 
 
TRADUIRE",UltraFastFashion
66,TR√àS BON √âTAT,NON SIGN√â / UNSIGNED,2022-03-06,,32.0,"PULL √âCRU SANS MANCHES COL ROUL√â EN LAINE VINTAGE 

- TAILLE S
- TR√àS BON √âTATTRADUIRE",UltraFastFashion
67,TR√àS BON √âTAT,NON SIGN√â / UNSIGNED,2021-10-06,,22.0,BELLE QUALIT√â POUR CE PULL CHIN√â COL ROUL√â EN LAINE . PARFAIT √âTAT. COLORIS GRIS MAJORITAIRE. TAILLE 40/42TRADUIRE,UltraFastFashion
68,TR√àS BON √âTAT,NON SIGN√â / UNSIGNED,2022-01-12,,39.0,COL ROUL√â EN LAINE MARRONTRADUIRE,UltraFastFashion
69,NEUF SANS √âTIQUETTE,NON SIGN√â / UNSIGNED,2022-03-12,,97.0,"NOUVEAU PULL COL ROUL√â EN LAINE POUR FEMME ET HOMME, TRAVAILL√â EN C√îTES TR√àS FINES AVEC UN MOTIF C√îTEL√â SUR LE DEVANT. TG. L. EXCELLENTE FINITION ET CONCEPTIONTRADUIRE",Undefined
70,NEUF SANS √âTIQUETTE,NON SIGN√â / UNSIGNED,2022-03-16,,65.0,"COL ROUL√â EXT√à 
 
 COL ROUL√â EN LAINE M√âLANG√âE. √âL√âGANT ET PARTICULIER, √Ä PORTER M√äME SOUS UNE VESTE OU UN BLAZER.TRADUIRE",Undefined
71,TR√àS BON √âTAT,NON SIGN√â / UNSIGNED,2021-12-12,,35.0,"JOLI PULL AVEC DES POCHES COL ROUL√â EN LAINE. 
DIMENSIONS LONGUEUR 66CM 
MANCHES 60CM 
COL D√âROUL√â 24CM 
COULEUR PASTEL BLEU TON M√âLANGE AVEC NUANCE DE BRILLANCE.
MANQUE √âTIQUETTE DE COMPOSITION 
TAILLE 2
38 40 
TR√àS CHAUD TRADUIRE",UltraFastFashion
72,TR√àS BON √âTAT,NON SIGN√â / UNSIGNED,2022-03-12,,97.0,"PULL COL ROUL√â EN LAINE, COMME NEUF, AUCUN D√âFAUT, DOUX ET CHAUD, POUR HOMME ET FEMME. TG. M. EXCELLENTE FABRICATION ET CONCEPTIONTRADUIRE",Undefined
73,NEUF SANS √âTIQUETTE,NON SIGN√â / UNSIGNED,2022-03-12,,97.0,"NOUVEAU PULL COL ROUL√â EN LAINE ET √âLASTHANNE, POUR FEMME ET HOMME, DOUX, CHAUD, PR√àS DU CORPS. TG. S. EXCELLENTE FABRICATION ET CONCEPTIONTRADUIRE",Undefined
74,TR√àS BON √âTAT,NON SIGN√â / UNSIGNED,2021-10-30,,44.0,PULL COL ROUL√â EN LAINE BLEU ET CAMEL TAILLE L EN TR√àS BON √âTATTRADUIRE,UltraFastFashion
75,NEUF SANS √âTIQUETTE,NON SIGN√â / UNSIGNED,2022-03-07,,60.0,"NOUVEAU COL ROUL√â EN LAINE, SOIE ET CACHEMIRE EN SOLDE POUR CAUSE D'ERREUR DE TAILLETRADUIRE",Undefined
76,NEUF SANS √âTIQUETTE,NON SIGN√â / UNSIGNED,2022-03-01,,93.0,"NOUVEAU PULL COL ROUL√â EN LAINE, POUR FEMME ET HOMME, DOUX, CHAUD, LONG. TG. XXL. EXCELLENTE FINITION ET CONCEPTIONTRADUIRE",Undefined
77,NEUF AVEC √âTIQUETTES,NON SIGN√â / UNSIGNED,2021-07-01,,43.41,PULL VIOLET √Ä COL ROUL√â EN LAINE. TAILLE M EU 10 UK. JAMAIS PORT√â AVEC UNE √âTIQUETTE. QUALIT√â INCROYABLE COMME ON PEUT LE VOIR PAR LA COULEUR FORTE.üíìTRADUIRE,UltraFastFashion
78,NEUF SANS √âTIQUETTE,NON SIGN√â / UNSIGNED,2022-02-04,,138.0,"NOUVEAU PULL COL ROUL√â, EN LAINE, LONG ET D√âCOR√â SUR LES POIGNETS ET SUR LE BAS, DOUX ET TR√àS CHAUD, POUR HOMME ET FEMME. TG. XL. EXCELLENTE FINITION ET CONCEPTIONTRADUIRE",Undefined
79,NEUF SANS √âTIQUETTE,NON SIGN√â / UNSIGNED,2022-02-05,,125.0,"NOUVEAU PULL COL ROUL√â EN LAINE, POUR FEMME ET HOMME, DOUX, CHAUD. TG. L. EXCELLENTE FABRICATION ET CONCEPTIONTRADUIRE",Undefined
80,NEUF SANS √âTIQUETTE,NON SIGN√â / UNSIGNED,2022-02-02,,85.0,"COL ROUL√â EN LAINE VIERGE, POUR HOMME ET FEMME, DOUX ET CHAUD. TG. M. EXCELLENTE FABRICATION ET CONCEPTIONTRADUIRE",Undefined
81,TR√àS BON √âTAT,NON SIGN√â / UNSIGNED,2021-05-20,,32.0,PULL √Ä COL ROUL√â EN LAINE FLEURIETRADUIRE,UltraFastFashion
82,NEUF SANS √âTIQUETTE,NON SIGN√â / UNSIGNED,2022-02-01,,115.0,"NOUVEAU COL ROUL√â EN LAINE POUR FEMME ET HOMME, ENTI√àREMENT R√âALIS√â EN C√îTES VERTICALES, DOUX, CHAUD, LONG. TG. L. EXCELLENTE FABRICATION ET CONCEPTIONTRADUIRE",Undefined
83,NEUF SANS √âTIQUETTE,NON SIGN√â / UNSIGNED,2022-02-05,,128.0,"NOUVEAU PULL COL ROUL√â EN LAINE POUR FEMME ET HOMME, TR√àS DOUX ET TR√àS CHAUD. TG. M. EXCELLENTE FABRICATION ET CONCEPTIONTRADUIRE",Undefined
84,NEUF SANS √âTIQUETTE,NON SIGN√â / UNSIGNED,2022-02-05,,128.0,"PULL COL ROUL√â EN LAINE VIERGE POUR FEMME ET HOMME, √Ä GRAND COL, MOELLEUX, DOUX, CHAUD. TG. M. EXCELLENTE FABRICATION ET CONCEPTIONTRADUIRE",Undefined
85,NEUF SANS √âTIQUETTE,NON SIGN√â / UNSIGNED,2022-02-01,,85.0,"PULL COL ROUL√â EN LAINE VIERGE, LONG, DOUX ET CHAUD, MAGNIFIQUE COULEUR. TG. S. TRADUIRE",Undefined
86,NEUF SANS √âTIQUETTE,NON SIGN√â / UNSIGNED,2020-11-27,,304.41,"MAGNIFIQUE PULL COL ROUL√â EN LAINE DE B√âB√â LAMA FAIT MAIN.
POINT EN GRAPPE. 
√âPAULE √Ä √âPAULE 50CM
LONGUEUR MANCHES 70CM
LONGUEUR DEPUIS LA NUQUE 80CM
FABRIQU√â EN BOLIVIETRADUIRE",Fashion
87,TR√àS BON √âTAT,NON SIGN√â / UNSIGNED,2022-01-12,,97.0,"PULL COL ROUL√â EN LAINE POUR FEMME ET HOMME SZ. L. COMME NEUF, AUCUN D√âFAUT. EXCELLENTE FINITION ET CONCEPTIONTRADUIRE",Undefined
88,NEUF SANS √âTIQUETTE,NON SIGN√â / UNSIGNED,2022-01-04,,95.0,"NOUVEAU PULL COL ROUL√â, EN LAINE, DOUX ET CHAUD, POUR HOMME ET FEMME. TG. S SUR L'√âTIQUETTE MAIS TAILLE DE L. EXCELLENTE FINITION ET DESIGNTRADUIRE",Undefined
89,TR√àS BON √âTAT,NON SIGN√â / UNSIGNED,2022-01-15,,83.0,"PULL COL ROUL√â EN LAINE, POUR FEMME ET HOMME, DOUX, CHAUD, LONG. BELLE COULEUR PERVENCHE. TG. XL. COMME NEUF, AUCUN D√âFAUT. EXCELLENTE FINITION ET CONCEPTIONTRADUIRE",Undefined
90,NEUF SANS √âTIQUETTE,NON SIGN√â / UNSIGNED,2021-12-31,,77.0,"NOUVEAU PULL COL ROUL√â EN LAINE ET ANGORA, DOUX, CHAUD, COURT, C√îTEL√â, POUR FEMME ET HOMME. TG. M. EXCELLENTE FINITION ET CONCEPTIONTRADUIRE",Undefined
91,NEUF SANS √âTIQUETTE,NON SIGN√â / UNSIGNED,2021-12-20,,155.0,ROBE √Ä COL ROUL√â EN LAINE DE MARINO. SANS MANCHES.TRADUIRE,Undefined
93,BON √âTAT,NON SIGN√â / UNSIGNED,2021-11-30,,51.0,"OCCASION, MAIS EN BON √âTAT, COULEUR ROSE ANTIQUE, COL ROUL√â EN LAINE ET ANGORATRADUIRE",Undefined
94,NEUF AVEC √âTIQUETTES,NON SIGN√â / UNSIGNED,2020-11-24,,130.0,"COL ROUL√â EN LAINE, DE LA MARQUE ITALIENNE HISTORIQUE, LES COPAINS PRODUIT PAR FBP. MARQUE LEADER DE LA MAILLE ET DU TOTAL LOOK DES ANN√âES 1960 √Ä 2000. 
 LA CHEMISE COMPORTE DES LOSANGES SUR LA POITRINE ET LES MANCHES ET UNE PETITE PLAQUE E...LIRE LA SUITETRADUIRE",Undefined
95,TR√àS BON √âTAT,NON SIGN√â / UNSIGNED,2021-09-17,,75.33,PULL COL ROUL√â EN LAINE DE COULEUR VIOLETTE. DANS DE TR√àS BONNES CONDITIONS.TRADUIRE,Undefined
96,TR√àS BON √âTAT,NON SIGN√â / UNSIGNED,2021-09-17,,75.33,PULL COL ROUL√â EN LAINE DE COULEUR VIOLETTE. DANS DE TR√àS BONNES CONDITIONS.TRADUIRE,Undefined
97,NEUF SANS √âTIQUETTE,NON SIGN√â / UNSIGNED,2022-02-03,,95.0,"COL ROUL√â EN LAINE VIERGE, POUR FEMME ET HOMME, DOUX, CHAUD. TG. LTRADUIRE",Undefined
99,TR√àS BON √âTAT,NON SIGN√â / UNSIGNED,2022-01-15,,75.0,"PULL COL ROUL√â EN LAINE ET MOHAIR, POUR FEMME, SUR UNE BASE ROSE, RAVISSANTS MOTIFS VERT PASTEL, VIOLET, BLANC. TG. XL. COMME NEUF, AUCUN D√âFAUT. EXCELLENTE FINITION ET CONCEPTIONTRADUIRE",Undefined
100,TR√àS BON √âTAT,NON SIGN√â / UNSIGNED,2022-03-14,,22.0,COL ROUL√â BASIQUE EN LAINE GRISE. CONSTRUCTION L√âG√àRE EN MAILLE SERR√âE. PARFAIT POUR LES GARDE-ROBES MODULAIRES ET MINIMALISTES.TRADUIRE,UltraFastFashion
