Marque,Niveau de prix,Prix,Segment de marché,État
ZARA,Moyen,5.0,entrée de gamme / mass market,TRÈS BON ÉTAT
CHEVIGNON,Moyen,28.0,entrée de gamme / mass market,NEUF AVEC ÉTIQUETTE
THE KOOPLES,Haut,45.0,premium / luxe abordable,TRÈS BON ÉTAT
RALPH LAUREN,Haut,18.0,premium / luxe abordable,TRÈS BON ÉTAT
NIKE,Moyen-Haut,17.0,milieu de gamme,NEUF AVEC ÉTIQUETTE
RALPH LAUREN,Haut,24.9,premium / luxe abordable,TRÈS BON ÉTAT
LEVI'S,Moyen-Haut,25.0,milieu de gamme,NEUF SANS ÉTIQUETTE
THE KOOPLES,Haut,45.0,premium / luxe abordable,TRÈS BON ÉTAT
SHEIN,Discount,5.0,ultra fast fashion / discount,NEUF SANS ÉTIQUETTE
SUPERDRY,Moyen,11.5,entrée de gamme / mass market,TRÈS BON ÉTAT
GUCCI,Luxe,130.0,luxe & création,NEUF AVEC ÉTIQUETTE
RALPH LAUREN,Haut,30.0,premium / luxe abordable,NEUF AVEC ÉTIQUETTE
SUPERDRY,Moyen,10.0,entrée de gamme / mass market,TRÈS BON ÉTAT
RALPH LAUREN,Haut,30.0,premium / luxe abordable,NEUF AVEC ÉTIQUETTE
PULL & BEAR,Bas,7.0,entrée de gamme / mass market,TRÈS BON ÉTAT
& OTHER STORIES,Moyen,20.0,milieu de gamme,TRÈS BON ÉTAT
& OTHER STORIES,Moyen,20.0,milieu de gamme,TRÈS BON ÉTAT
THE KOOPLES,Haut,80.0,premium / luxe abordable,NEUF AVEC ÉTIQUETTE
ADIDAS,Moyen-Haut,10.0,milieu de gamme,TRÈS BON ÉTAT
BALENCIAGA,Luxe,130.0,luxe & création,NEUF AVEC ÉTIQUETTE
ADIDAS,Moyen-Haut,25.0,milieu de gamme,NEUF SANS ÉTIQUETTE
H&M,Bas,3.0,entrée de gamme / mass market,TRÈS BON ÉTAT
GIVENCHY,Luxe,149.0,luxe & création,TRÈS BON ÉTAT
VALENTINO,Luxe,230.0,luxe & création,NEUF AVEC ÉTIQUETTE
LEVI'S,Moyen-Haut,10.0,milieu de gamme,TRÈS BON ÉTAT
PIMKIE,Bas,4.0,entrée de gamme / mass market,NEUF SANS ÉTIQUETTE
BALMAIN,Luxe,65.0,luxe & création,BON ÉTAT
GIVENCHY,Luxe,140.0,luxe & création,BON ÉTAT
JACK & JONES,Bas,3.0,entrée de gamme / mass market,NEUF SANS ÉTIQUETTE
SAINT LAURENT,Luxe,170.0,luxe & création,NEUF AVEC ÉTIQUETTE
TOMMY HILFIGER,Moyen-Haut,13.0,milieu de gamme,TRÈS BON ÉTAT
JACK & JONES,Bas,3.0,entrée de gamme / mass market,NEUF SANS ÉTIQUETTE
NIKE,Moyen-Haut,43.0,milieu de gamme,TRÈS BON ÉTAT
LACOSTE,Haut,28.0,premium / luxe abordable,TRÈS BON ÉTAT
RALPH LAUREN,Haut,28.0,premium / luxe abordable,TRÈS BON ÉTAT
SUPERDRY,Moyen,28.0,entrée de gamme / mass market,TRÈS BON ÉTAT
RALPH LAUREN,Haut,28.0,premium / luxe abordable,TRÈS BON ÉTAT
RALPH LAUREN,Haut,28.0,premium / luxe abordable,TRÈS BON ÉTAT
LACOSTE,Haut,35.0,premium / luxe abordable,NEUF SANS ÉTIQUETTE
RALPH LAUREN,Haut,28.0,premium / luxe abordable,TRÈS BON ÉTAT
CARHARTT,Moyen-Haut,30.0,milieu de gamme,TRÈS BON ÉTAT
NIKE,Moyen-Haut,3.0,milieu de gamme,NEUF SANS ÉTIQUETTE
RALPH LAUREN,Haut,28.0,premium / luxe abordable,TRÈS BON ÉTAT
ADIDAS,Moyen-Haut,7.5,milieu de gamme,TRÈS BON ÉTAT
ADIDAS,Moyen-Haut,12.0,milieu de gamme,TRÈS BON ÉTAT
LACOSTE,Haut,15.0,premium / luxe abordable,TRÈS BON ÉTAT
RALPH LAUREN,Haut,28.0,premium / luxe abordable,TRÈS BON ÉTAT
TOMMY HILFIGER,Moyen-Haut,28.0,milieu de gamme,NEUF AVEC ÉTIQUETTE
TOMMY HILFIGER,Moyen-Haut,25.0,milieu de gamme,NEUF AVEC ÉTIQUETTE
NIKE,Moyen-Haut,25.0,milieu de gamme,NEUF SANS ÉTIQUETTE
NIKE,Moyen-Haut,10.0,milieu de gamme,TRÈS BON ÉTAT
RALPH LAUREN,Haut,28.0,premium / luxe abordable,TRÈS BON ÉTAT
RALPH LAUREN,Haut,29.0,premium / luxe abordable,TRÈS BON ÉTAT
ZARA,Moyen,2.0,entrée de gamme / mass market,TRÈS BON ÉTAT
CARHARTT,Moyen-Haut,24.99,milieu de gamme,NEUF SANS ÉTIQUETTE
REEBOK,Moyen-Haut,35.0,milieu de gamme,TRÈS BON ÉTAT
LACOSTE,Haut,28.0,premium / luxe abordable,TRÈS BON ÉTAT
TOMMY HILFIGER,Moyen-Haut,29.99,milieu de gamme,TRÈS BON ÉTAT
TOMMY HILFIGER,Moyen-Haut,28.0,milieu de gamme,TRÈS BON ÉTAT
RALPH LAUREN,Haut,28.0,premium / luxe abordable,TRÈS BON ÉTAT
RALPH LAUREN,Haut,28.0,premium / luxe abordable,TRÈS BON ÉTAT
NAPAPIJRI,Moyen-Haut,28.0,milieu de gamme,TRÈS BON ÉTAT
TOMMY HILFIGER,Moyen-Haut,28.0,milieu de gamme,TRÈS BON ÉTAT
VANS,Moyen,8.0,entrée de gamme / mass market,NEUF SANS ÉTIQUETTE
TOMMY HILFIGER,Moyen-Haut,5.0,milieu de gamme,TRÈS BON ÉTAT
JENNYFER,Bas,3.99,entrée de gamme / mass market,TRÈS BON ÉTAT
H&M,Bas,3.99,entrée de gamme / mass market,TRÈS BON ÉTAT
RALPH LAUREN,Haut,28.0,premium / luxe abordable,TRÈS BON ÉTAT
TOMMY HILFIGER,Moyen-Haut,34.5,milieu de gamme,NEUF AVEC ÉTIQUETTE
KENZO,Haut,39.0,premium / luxe abordable,NEUF SANS ÉTIQUETTE
H&M,Bas,1.0,entrée de gamme / mass market,TRÈS BON ÉTAT
PEPE JEANS,Haut,15.0,premium / luxe abordable,NEUF AVEC ÉTIQUETTE
GUESS,Moyen-Haut,25.0,milieu de gamme,NEUF AVEC ÉTIQUETTE
LEVI'S,Moyen-Haut,19.99,milieu de gamme,NEUF AVEC ÉTIQUETTE
TOMMY HILFIGER,Moyen-Haut,12.0,milieu de gamme,TRÈS BON ÉTAT
SCOTCH & SODA,Moyen-Haut,10.0,milieu de gamme,TRÈS BON ÉTAT
TOMMY HILFIGER,Moyen-Haut,18.0,milieu de gamme,TRÈS BON ÉTAT
LEVI'S,Moyen-Haut,12.0,milieu de gamme,TRÈS BON ÉTAT
NIKE,Moyen-Haut,35.0,milieu de gamme,TRÈS BON ÉTAT
MICHAEL KORS,Haut,27.0,premium / luxe abordable,TRÈS BON ÉTAT
NIKE,Moyen-Haut,22.0,milieu de gamme,TRÈS BON ÉTAT
NIKE,Moyen-Haut,29.9,milieu de gamme,NEUF AVEC ÉTIQUETTE
TOMMY HILFIGER,Moyen-Haut,25.0,milieu de gamme,NEUF SANS ÉTIQUETTE
RALPH LAUREN,Haut,30.0,premium / luxe abordable,NEUF SANS ÉTIQUETTE
KAPORAL,Moyen,15.0,entrée de gamme / mass market,TRÈS BON ÉTAT
GUESS,Moyen-Haut,20.0,milieu de gamme,TRÈS BON ÉTAT
ZARA,Moyen,2.0,entrée de gamme / mass market,TRÈS BON ÉTAT
STRADIVARIUS,Moyen-Haut,2.0,milieu de gamme,TRÈS BON ÉTAT
CAMAÏEU,Bas,2.0,entrée de gamme / mass market,TRÈS BON ÉTAT
RALPH LAUREN,Haut,24.0,premium / luxe abordable,TRÈS BON ÉTAT
TOMMY HILFIGER,Moyen-Haut,10.0,milieu de gamme,TRÈS BON ÉTAT
BERSHKA,Bas,3.5,entrée de gamme / mass market,NEUF SANS ÉTIQUETTE
JACK & JONES,Bas,16.0,entrée de gamme / mass market,NEUF SANS ÉTIQUETTE
LACOSTE,Haut,28.0,premium / luxe abordable,TRÈS BON ÉTAT
LEVI'S,Moyen-Haut,16.0,milieu de gamme,NEUF AVEC ÉTIQUETTE
IZAC,Moyen,8.5,entrée de gamme / mass market,TRÈS BON ÉTAT
MONCLER,Luxe,20.0,luxe & création,TRÈS BON ÉTAT
LEVI'S,Moyen-Haut,13.0,milieu de gamme,TRÈS BON ÉTAT
TOMMY HILFIGER,Moyen-Haut,29.99,milieu de gamme,NEUF AVEC ÉTIQUETTE
ADIDAS,Moyen-Haut,13.0,milieu de gamme,NEUF SANS ÉTIQUETTE
RALPH LAUREN,Haut,35.0,premium / luxe abordable,TRÈS BON ÉTAT
ADIDAS,Moyen-Haut,13.0,milieu de gamme,TRÈS BON ÉTAT
CARHARTT,Moyen-Haut,18.0,milieu de gamme,TRÈS BON ÉTAT
JACADI,Moyen-Haut,9.0,milieu de gamme,NEUF AVEC ÉTIQUETTE
NIKE,Moyen-Haut,20.0,milieu de gamme,NEUF AVEC ÉTIQUETTE
CALVIN KLEIN,Moyen-Haut,8.0,milieu de gamme,TRÈS BON ÉTAT
GUESS,Moyen-Haut,20.0,milieu de gamme,NEUF AVEC ÉTIQUETTE
NIKE,Moyen-Haut,15.0,milieu de gamme,NEUF SANS ÉTIQUETTE
TOMMY HILFIGER,Moyen-Haut,32.5,milieu de gamme,NEUF AVEC ÉTIQUETTE
LACOSTE,Haut,45.0,premium / luxe abordable,TRÈS BON ÉTAT
MANGO,Moyen-Bas,19.99,entrée de gamme / mass market,NEUF AVEC ÉTIQUETTE
IKKS,Moyen-Haut,8.0,milieu de gamme,TRÈS BON ÉTAT
KENZO,Haut,40.0,premium / luxe abordable,NEUF AVEC ÉTIQUETTE
NIKE,Moyen-Haut,38.0,milieu de gamme,TRÈS BON ÉTAT
NIKE,Moyen-Haut,10.0,milieu de gamme,TRÈS BON ÉTAT
ORCHESTRA,Bas,2.0,entrée de gamme / mass market,TRÈS BON ÉTAT
CHEVIGNON,Moyen,22.0,entrée de gamme / mass market,TRÈS BON ÉTAT
LEVI'S,Moyen-Haut,12.0,milieu de gamme,TRÈS BON ÉTAT
MANGO,Moyen-Bas,12.0,entrée de gamme / mass market,NEUF AVEC ÉTIQUETTE
ZARA,Moyen,13.0,entrée de gamme / mass market,TRÈS BON ÉTAT
VALENTINO,Luxe,20.0,luxe & création,BON ÉTAT
ADIDAS,Moyen-Haut,35.0,milieu de gamme,NEUF AVEC ÉTIQUETTE
TOMMY HILFIGER,Moyen-Haut,32.5,milieu de gamme,NEUF AVEC ÉTIQUETTE
CACHE CACHE,Bas,5.0,entrée de gamme / mass market,TRÈS BON ÉTAT
GÉMO,Bas,1.0,entrée de gamme / mass market,TRÈS BON ÉTAT
H&M,Bas,4.0,entrée de gamme / mass market,TRÈS BON ÉTAT
AZZARO,Luxe,30.0,luxe & création,BON ÉTAT
MAJE,Haut,30.0,premium / luxe abordable,NEUF SANS ÉTIQUETTE
SANDRO,Haut,35.0,premium / luxe abordable,TRÈS BON ÉTAT
NIKE,Moyen-Haut,15.0,milieu de gamme,NEUF AVEC ÉTIQUETTE
IKKS,Moyen-Haut,10.0,milieu de gamme,TRÈS BON ÉTAT
NIKE,Moyen-Haut,13.0,milieu de gamme,NEUF SANS ÉTIQUETTE
HUGO BOSS,Haut,30.0,premium / luxe abordable,NEUF AVEC ÉTIQUETTE
BOTTEGA VENETA,Luxe,110.0,luxe & création,TRÈS BON ÉTAT
NIKE,Moyen-Haut,10.0,milieu de gamme,NEUF SANS ÉTIQUETTE
BURBERRY,Luxe,75.0,luxe & création,TRÈS BON ÉTAT
SHEIN,Discount,5.0,ultra fast fashion / discount,NEUF SANS ÉTIQUETTE
SHEIN,Discount,5.0,ultra fast fashion / discount,TRÈS BON ÉTAT
SHEIN,Discount,15.0,ultra fast fashion / discount,TRÈS BON ÉTAT
SHEIN,Discount,2.0,ultra fast fashion / discount,TRÈS BON ÉTAT
SHEIN,Discount,2.0,ultra fast fashion / discount,TRÈS BON ÉTAT
SHEIN,Discount,15.0,ultra fast fashion / discount,NEUF SANS ÉTIQUETTE
SHEIN,Discount,4.0,ultra fast fashion / discount,NEUF AVEC ÉTIQUETTE
SHEIN,Discount,4.0,ultra fast fashion / discount,NEUF SANS ÉTIQUETTE
SHEIN,Discount,2.0,ultra fast fashion / discount,TRÈS BON ÉTAT
SHEIN,Discount,4.0,ultra fast fashion / discount,NEUF SANS ÉTIQUETTE
SHEIN,Discount,3.0,ultra fast fashion / discount,NEUF SANS ÉTIQUETTE
SHEIN,Discount,10.0,ultra fast fashion / discount,TRÈS BON ÉTAT
SHEIN,Discount,2.0,ultra fast fashion / discount,BON ÉTAT
SHEIN,Discount,5.0,ultra fast fashion / discount,NEUF SANS ÉTIQUETTE
SHEIN,Discount,3.0,ultra fast fashion / discount,TRÈS BON ÉTAT
SHEIN,Discount,3.0,ultra fast fashion / discount,TRÈS BON ÉTAT
SHEIN,Discount,5.0,ultra fast fashion / discount,NEUF SANS ÉTIQUETTE
SHEIN,Discount,4.0,ultra fast fashion / discount,NEUF SANS ÉTIQUETTE
SHEIN,Discount,5.0,ultra fast fashion / discount,NEUF SANS ÉTIQUETTE
SHEIN,Discount,2.0,ultra fast fashion / discount,BON ÉTAT
SHEIN,Discount,5.0,ultra fast fashion / discount,NEUF SANS ÉTIQUETTE
SHEIN,Discount,3.0,ultra fast fashion / discount,TRÈS BON ÉTAT
SHEIN,Discount,3.0,ultra fast fashion / discount,TRÈS BON ÉTAT
SHEIN,Discount,3.0,ultra fast fashion / discount,NEUF SANS ÉTIQUETTE
SHEIN,Discount,2.0,ultra fast fashion / discount,TRÈS BON ÉTAT
SHEIN,Discount,3.0,ultra fast fashion / discount,NEUF SANS ÉTIQUETTE
SHEIN,Discount,5.0,ultra fast fashion / discount,NEUF SANS ÉTIQUETTE
SHEIN,Discount,1.0,ultra fast fashion / discount,BON ÉTAT
SHEIN,Discount,1.0,ultra fast fashion / discount,TRÈS BON ÉTAT
SHEIN,Discount,3.5,ultra fast fashion / discount,TRÈS BON ÉTAT
SHEIN,Discount,2.0,ultra fast fashion / discount,TRÈS BON ÉTAT
SHEIN,Discount,3.5,ultra fast fashion / discount,TRÈS BON ÉTAT
SHEIN,Discount,2.0,ultra fast fashion / discount,TRÈS BON ÉTAT
SHEIN,Discount,6.5,ultra fast fashion / discount,NEUF AVEC ÉTIQUETTE
SHEIN,Discount,15.0,ultra fast fashion / discount,NEUF SANS ÉTIQUETTE
SHEIN,Discount,3.0,ultra fast fashion / discount,NEUF SANS ÉTIQUETTE
SHEIN,Discount,2.0,ultra fast fashion / discount,NEUF SANS ÉTIQUETTE
SHEIN,Discount,4.5,ultra fast fashion / discount,TRÈS BON ÉTAT
SHEIN,Discount,8.0,ultra fast fashion / discount,NEUF AVEC ÉTIQUETTE
SHEIN,Discount,10.0,ultra fast fashion / discount,NEUF SANS ÉTIQUETTE
SHEIN,Discount,5.0,ultra fast fashion / discount,TRÈS BON ÉTAT
SHEIN,Discount,1.0,ultra fast fashion / discount,NEUF SANS ÉTIQUETTE
SHEIN,Discount,2.0,ultra fast fashion / discount,NEUF SANS ÉTIQUETTE
PRETTYLITTLETHING,Discount,8.0,ultra fast fashion / discount,NEUF AVEC ÉTIQUETTE
PRETTYLITTLETHING,Discount,3.0,ultra fast fashion / discount,TRÈS BON ÉTAT
PRETTYLITTLETHING,Discount,7.0,ultra fast fashion / discount,NEUF AVEC ÉTIQUETTE
BERSHKA,Bas,3.5,entrée de gamme / mass market,NEUF AVEC ÉTIQUETTE
BERSHKA,Bas,4.5,entrée de gamme / mass market,NEUF AVEC ÉTIQUETTE
PRETTYLITTLETHING,Discount,3.0,ultra fast fashion / discount,SATISFAISANT
PRETTYLITTLETHING,Discount,5.0,ultra fast fashion / discount,NEUF AVEC ÉTIQUETTE
PRETTYLITTLETHING,Discount,5.0,ultra fast fashion / discount,BON ÉTAT
PRETTYLITTLETHING,Discount,8.0,ultra fast fashion / discount,TRÈS BON ÉTAT
PRETTYLITTLETHING,Discount,2.0,ultra fast fashion / discount,BON ÉTAT
PRETTYLITTLETHING,Discount,8.0,ultra fast fashion / discount,TRÈS BON ÉTAT
PRETTYLITTLETHING,Discount,8.0,ultra fast fashion / discount,TRÈS BON ÉTAT
PRETTYLITTLETHING,Discount,7.5,ultra fast fashion / discount,NEUF SANS ÉTIQUETTE
LEVI'S,Moyen-Haut,16.0,milieu de gamme,BON ÉTAT
PULL & BEAR,Bas,3.0,entrée de gamme / mass market,SATISFAISANT
GAP,Moyen,2.0,entrée de gamme / mass market,TRÈS BON ÉTAT
PRETTYLITTLETHING,Discount,1.0,ultra fast fashion / discount,TRÈS BON ÉTAT
PRETTYLITTLETHING,Discount,3.0,ultra fast fashion / discount,NEUF SANS ÉTIQUETTE
PRETTYLITTLETHING,Discount,5.0,ultra fast fashion / discount,NEUF SANS ÉTIQUETTE
PRETTYLITTLETHING,Discount,9.0,ultra fast fashion / discount,NEUF SANS ÉTIQUETTE
PRETTYLITTLETHING,Discount,7.0,ultra fast fashion / discount,NEUF SANS ÉTIQUETTE
PRETTYLITTLETHING,Discount,9.0,ultra fast fashion / discount,TRÈS BON ÉTAT
PRETTYLITTLETHING,Discount,5.0,ultra fast fashion / discount,NEUF SANS ÉTIQUETTE
PRETTYLITTLETHING,Discount,9.0,ultra fast fashion / discount,BON ÉTAT
LACOSTE,Haut,30.0,premium / luxe abordable,NEUF AVEC ÉTIQUETTE
LEVI'S,Moyen-Haut,15.0,milieu de gamme,BON ÉTAT
MISSGUIDED,Discount,2.0,ultra fast fashion / discount,NEUF SANS ÉTIQUETTE
MISSGUIDED,Discount,2.0,ultra fast fashion / discount,NEUF SANS ÉTIQUETTE
MISSGUIDED,Discount,4.0,ultra fast fashion / discount,TRÈS BON ÉTAT
MISSGUIDED,Discount,2.5,ultra fast fashion / discount,NEUF AVEC ÉTIQUETTE
MISSGUIDED,Discount,4.0,ultra fast fashion / discount,TRÈS BON ÉTAT
MISSGUIDED,Discount,4.0,ultra fast fashion / discount,TRÈS BON ÉTAT
MISSGUIDED,Discount,3.0,ultra fast fashion / discount,TRÈS BON ÉTAT
MISSGUIDED,Discount,4.99,ultra fast fashion / discount,TRÈS BON ÉTAT
MISSGUIDED,Discount,5.0,ultra fast fashion / discount,NEUF SANS ÉTIQUETTE
MISSGUIDED,Discount,7.0,ultra fast fashion / discount,NEUF AVEC ÉTIQUETTE
MISSGUIDED,Discount,12.0,ultra fast fashion / discount,NEUF SANS ÉTIQUETTE
MISSGUIDED,Discount,11.0,ultra fast fashion / discount,NEUF SANS ÉTIQUETTE
MISSGUIDED,Discount,5.0,ultra fast fashion / discount,NEUF SANS ÉTIQUETTE
MISSGUIDED,Discount,16.0,ultra fast fashion / discount,NEUF AVEC ÉTIQUETTE
MISSGUIDED,Discount,8.0,ultra fast fashion / discount,NEUF SANS ÉTIQUETTE
MISSGUIDED,Discount,7.0,ultra fast fashion / discount,NEUF SANS ÉTIQUETTE
MISSGUIDED,Discount,10.0,ultra fast fashion / discount,NEUF SANS ÉTIQUETTE
MISSGUIDED,Discount,7.0,ultra fast fashion / discount,TRÈS BON ÉTAT
MISSGUIDED,Discount,5.0,ultra fast fashion / discount,NEUF SANS ÉTIQUETTE
MISSGUIDED,Discount,5.0,ultra fast fashion / discount,TRÈS BON ÉTAT
MISSGUIDED,Discount,5.0,ultra fast fashion / discount,NEUF SANS ÉTIQUETTE
MISSGUIDED,Discount,6.0,ultra fast fashion / discount,TRÈS BON ÉTAT
MISSGUIDED,Discount,5.0,ultra fast fashion / discount,TRÈS BON ÉTAT
MISSGUIDED,Discount,5.0,ultra fast fashion / discount,BON ÉTAT
MISSGUIDED,Discount,4.0,ultra fast fashion / discount,TRÈS BON ÉTAT
MISSGUIDED,Discount,5.0,ultra fast fashion / discount,TRÈS BON ÉTAT
MISSGUIDED,Discount,4.0,ultra fast fashion / discount,BON ÉTAT
MISSGUIDED,Discount,3.0,ultra fast fashion / discount,TRÈS BON ÉTAT
MISSGUIDED,Discount,4.0,ultra fast fashion / discount,BON ÉTAT
MISSGUIDED,Discount,5.0,ultra fast fashion / discount,BON ÉTAT
MISSGUIDED,Discount,3.5,ultra fast fashion / discount,TRÈS BON ÉTAT
MISSGUIDED,Discount,5.0,ultra fast fashion / discount,TRÈS BON ÉTAT
MISSGUIDED,Discount,10.0,ultra fast fashion / discount,TRÈS BON ÉTAT
MISSGUIDED,Discount,5.0,ultra fast fashion / discount,TRÈS BON ÉTAT
MISSGUIDED,Discount,10.0,ultra fast fashion / discount,NEUF SANS ÉTIQUETTE
MISSGUIDED,Discount,4.0,ultra fast fashion / discount,TRÈS BON ÉTAT
MISSGUIDED,Discount,5.0,ultra fast fashion / discount,NEUF SANS ÉTIQUETTE
MISSGUIDED,Discount,5.0,ultra fast fashion / discount,NEUF SANS ÉTIQUETTE
MISSGUIDED,Discount,4.0,ultra fast fashion / discount,TRÈS BON ÉTAT
MISSGUIDED,Discount,6.0,ultra fast fashion / discount,TRÈS BON ÉTAT
MISSGUIDED,Discount,10.0,ultra fast fashion / discount,NEUF SANS ÉTIQUETTE
MISSGUIDED,Discount,4.0,ultra fast fashion / discount,TRÈS BON ÉTAT
MISSGUIDED,Discount,7.0,ultra fast fashion / discount,NEUF AVEC ÉTIQUETTE
MISSGUIDED,Discount,5.0,ultra fast fashion / discount,NEUF AVEC ÉTIQUETTE
MISSGUIDED,Discount,3.0,ultra fast fashion / discount,TRÈS BON ÉTAT
MISSGUIDED,Discount,3.0,ultra fast fashion / discount,TRÈS BON ÉTAT
MISSGUIDED,Discount,6.0,ultra fast fashion / discount,TRÈS BON ÉTAT
MISSGUIDED,Discount,4.0,ultra fast fashion / discount,NEUF SANS ÉTIQUETTE
MISSGUIDED,Discount,9.0,ultra fast fashion / discount,TRÈS BON ÉTAT
MISSGUIDED,Discount,8.5,ultra fast fashion / discount,NEUF SANS ÉTIQUETTE
MISSGUIDED,Discount,1.0,ultra fast fashion / discount,BON ÉTAT
MISSGUIDED,Discount,5.0,ultra fast fashion / discount,NEUF SANS ÉTIQUETTE
MISSGUIDED,Discount,4.0,ultra fast fashion / discount,NEUF SANS ÉTIQUETTE
MISSGUIDED,Discount,6.5,ultra fast fashion / discount,TRÈS BON ÉTAT
MISSGUIDED,Discount,7.0,ultra fast fashion / discount,TRÈS BON ÉTAT
MISSGUIDED,Discount,5.0,ultra fast fashion / discount,NEUF SANS ÉTIQUETTE
MISSGUIDED,Discount,10.0,ultra fast fashion / discount,TRÈS BON ÉTAT
MISSGUIDED,Discount,8.0,ultra fast fashion / discount,TRÈS BON ÉTAT
ZARA,Moyen,2.0,entrée de gamme / mass market,TRÈS BON ÉTAT
ZARA,Moyen,15.0,entrée de gamme / mass market,NEUF SANS ÉTIQUETTE
ZARA,Moyen,5.0,entrée de gamme / mass market,TRÈS BON ÉTAT
ZARA,Moyen,10.0,entrée de gamme / mass market,TRÈS BON ÉTAT
ZARA,Moyen,5.0,entrée de gamme / mass market,TRÈS BON ÉTAT
ZARA,Moyen,3.5,entrée de gamme / mass market,NEUF SANS ÉTIQUETTE
ZARA,Moyen,2.5,entrée de gamme / mass market,TRÈS BON ÉTAT
ZARA,Moyen,2.5,entrée de gamme / mass market,TRÈS BON ÉTAT
ZARA,Moyen,2.0,entrée de gamme / mass market,TRÈS BON ÉTAT
ZARA,Moyen,10.0,entrée de gamme / mass market,TRÈS BON ÉTAT
ZARA,Moyen,3.0,entrée de gamme / mass market,TRÈS BON ÉTAT
ZARA,Moyen,5.99,entrée de gamme / mass market,TRÈS BON ÉTAT
ZARA,Moyen,5.0,entrée de gamme / mass market,TRÈS BON ÉTAT
ZARA,Moyen,4.0,entrée de gamme / mass market,TRÈS BON ÉTAT
ZARA,Moyen,5.0,entrée de gamme / mass market,TRÈS BON ÉTAT
ZARA,Moyen,4.0,entrée de gamme / mass market,TRÈS BON ÉTAT
ZARA,Moyen,6.0,entrée de gamme / mass market,TRÈS BON ÉTAT
ZARA,Moyen,5.0,entrée de gamme / mass market,BON ÉTAT
ZARA,Moyen,2.5,entrée de gamme / mass market,BON ÉTAT
ZARA,Moyen,6.0,entrée de gamme / mass market,TRÈS BON ÉTAT
ZARA,Moyen,3.0,entrée de gamme / mass market,TRÈS BON ÉTAT
ZARA,Moyen,8.0,entrée de gamme / mass market,BON ÉTAT
ZARA,Moyen,8.0,entrée de gamme / mass market,TRÈS BON ÉTAT
ZARA,Moyen,7.0,entrée de gamme / mass market,TRÈS BON ÉTAT
ZARA,Moyen,5.0,entrée de gamme / mass market,NEUF SANS ÉTIQUETTE
ZARA,Moyen,8.0,entrée de gamme / mass market,NEUF SANS ÉTIQUETTE
ZARA,Moyen,6.5,entrée de gamme / mass market,TRÈS BON ÉTAT
UNIQLO,Moyen,20.0,entrée de gamme / mass market,NEUF SANS ÉTIQUETTE
UNIQLO,Moyen,1.0,entrée de gamme / mass market,NEUF AVEC ÉTIQUETTE
UNIQLO,Moyen,39.99,entrée de gamme / mass market,NEUF AVEC ÉTIQUETTE
UNIQLO,Moyen,1.0,entrée de gamme / mass market,TRÈS BON ÉTAT
UNIQLO,Moyen,3.0,entrée de gamme / mass market,BON ÉTAT
UNIQLO,Moyen,5.0,entrée de gamme / mass market,TRÈS BON ÉTAT
UNIQLO,Moyen,10.0,entrée de gamme / mass market,NEUF SANS ÉTIQUETTE
UNIQLO,Moyen,6.0,entrée de gamme / mass market,TRÈS BON ÉTAT
UNIQLO,Moyen,60.0,entrée de gamme / mass market,NEUF SANS ÉTIQUETTE
UNIQLO,Moyen,25.0,entrée de gamme / mass market,TRÈS BON ÉTAT
UNIQLO,Moyen,6.0,entrée de gamme / mass market,NEUF SANS ÉTIQUETTE
UNIQLO,Moyen,6.0,entrée de gamme / mass market,NEUF SANS ÉTIQUETTE
UNIQLO,Moyen,19.0,entrée de gamme / mass market,NEUF SANS ÉTIQUETTE
UNIQLO,Moyen,15.0,entrée de gamme / mass market,TRÈS BON ÉTAT
UNIQLO,Moyen,5.0,entrée de gamme / mass market,TRÈS BON ÉTAT
UNIQLO,Moyen,5.0,entrée de gamme / mass market,TRÈS BON ÉTAT
UNIQLO,Moyen,3.99,entrée de gamme / mass market,TRÈS BON ÉTAT
UNIQLO,Moyen,3.49,entrée de gamme / mass market,TRÈS BON ÉTAT
UNIQLO,Moyen,6.0,entrée de gamme / mass market,NEUF AVEC ÉTIQUETTE
UNIQLO,Moyen,47.5,entrée de gamme / mass market,TRÈS BON ÉTAT
UNIQLO,Moyen,1.0,entrée de gamme / mass market,TRÈS BON ÉTAT
UNIQLO,Moyen,9.0,entrée de gamme / mass market,NEUF SANS ÉTIQUETTE
UNIQLO,Moyen,4.0,entrée de gamme / mass market,TRÈS BON ÉTAT
UNIQLO,Moyen,9.0,entrée de gamme / mass market,NEUF SANS ÉTIQUETTE
UNIQLO,Moyen,4.0,entrée de gamme / mass market,TRÈS BON ÉTAT
UNIQLO,Moyen,9.0,entrée de gamme / mass market,NEUF SANS ÉTIQUETTE
UNIQLO,Moyen,8.0,entrée de gamme / mass market,TRÈS BON ÉTAT
UNIQLO,Moyen,2.5,entrée de gamme / mass market,TRÈS BON ÉTAT
UNIQLO,Moyen,10.0,entrée de gamme / mass market,NEUF AVEC ÉTIQUETTE
UNIQLO,Moyen,5.0,entrée de gamme / mass market,TRÈS BON ÉTAT
MANGO,Moyen-Bas,2.0,entrée de gamme / mass market,TRÈS BON ÉTAT
MANGO,Moyen-Bas,8.0,entrée de gamme / mass market,NEUF SANS ÉTIQUETTE
MANGO,Moyen-Bas,7.0,entrée de gamme / mass market,TRÈS BON ÉTAT
MANGO,Moyen-Bas,12.0,entrée de gamme / mass market,TRÈS BON ÉTAT
MANGO,Moyen-Bas,9.0,entrée de gamme / mass market,TRÈS BON ÉTAT
MANGO,Moyen-Bas,4.0,entrée de gamme / mass market,TRÈS BON ÉTAT
MANGO,Moyen-Bas,3.5,entrée de gamme / mass market,TRÈS BON ÉTAT
MANGO,Moyen-Bas,8.0,entrée de gamme / mass market,TRÈS BON ÉTAT
MANGO,Moyen-Bas,5.0,entrée de gamme / mass market,NEUF SANS ÉTIQUETTE
MANGO,Moyen-Bas,2.5,entrée de gamme / mass market,NEUF SANS ÉTIQUETTE
MANGO,Moyen-Bas,5.0,entrée de gamme / mass market,BON ÉTAT
MANGO,Moyen-Bas,8.0,entrée de gamme / mass market,TRÈS BON ÉTAT
MANGO,Moyen-Bas,3.0,entrée de gamme / mass market,TRÈS BON ÉTAT
MANGO,Moyen-Bas,5.0,entrée de gamme / mass market,TRÈS BON ÉTAT
MANGO,Moyen-Bas,2.0,entrée de gamme / mass market,BON ÉTAT
MANGO,Moyen-Bas,4.0,entrée de gamme / mass market,NEUF AVEC ÉTIQUETTE
MANGO,Moyen-Bas,3.0,entrée de gamme / mass market,BON ÉTAT
MANGO,Moyen-Bas,5.0,entrée de gamme / mass market,NEUF SANS ÉTIQUETTE
MANGO,Moyen-Bas,3.0,entrée de gamme / mass market,BON ÉTAT
MANGO,Moyen-Bas,3.0,entrée de gamme / mass market,TRÈS BON ÉTAT
MANGO,Moyen-Bas,9.0,entrée de gamme / mass market,NEUF AVEC ÉTIQUETTE
MANGO,Moyen-Bas,2.0,entrée de gamme / mass market,SATISFAISANT
MANGO,Moyen-Bas,3.0,entrée de gamme / mass market,TRÈS BON ÉTAT
MANGO,Moyen-Bas,3.0,entrée de gamme / mass market,BON ÉTAT
MANGO,Moyen-Bas,2.0,entrée de gamme / mass market,TRÈS BON ÉTAT
MANGO,Moyen-Bas,4.0,entrée de gamme / mass market,TRÈS BON ÉTAT
KENZO,Haut,25.0,premium / luxe abordable,TRÈS BON ÉTAT
KENZO,Haut,35.0,premium / luxe abordable,TRÈS BON ÉTAT
KENZO,Haut,45.0,premium / luxe abordable,TRÈS BON ÉTAT
KENZO,Haut,4.0,premium / luxe abordable,BON ÉTAT
KENZO,Haut,55.0,premium / luxe abordable,NEUF SANS ÉTIQUETTE
KENZO,Haut,50.0,premium / luxe abordable,NEUF SANS ÉTIQUETTE
KENZO,Haut,55.0,premium / luxe abordable,NEUF SANS ÉTIQUETTE
KENZO,Haut,15.0,premium / luxe abordable,BON ÉTAT
KENZO,Haut,10.0,premium / luxe abordable,BON ÉTAT
KENZO,Haut,20.0,premium / luxe abordable,TRÈS BON ÉTAT
KENZO,Haut,17.0,premium / luxe abordable,TRÈS BON ÉTAT
KENZO,Haut,24.0,premium / luxe abordable,TRÈS BON ÉTAT
KENZO,Haut,55.0,premium / luxe abordable,NEUF AVEC ÉTIQUETTE
KENZO,Haut,45.0,premium / luxe abordable,NEUF SANS ÉTIQUETTE
KENZO,Haut,55.0,premium / luxe abordable,NEUF AVEC ÉTIQUETTE
KENZO,Haut,55.0,premium / luxe abordable,TRÈS BON ÉTAT
KENZO,Haut,18.0,premium / luxe abordable,NEUF SANS ÉTIQUETTE
KENZO,Haut,45.0,premium / luxe abordable,NEUF SANS ÉTIQUETTE
KENZO,Haut,18.0,premium / luxe abordable,NEUF SANS ÉTIQUETTE
KENZO,Haut,60.0,premium / luxe abordable,NEUF AVEC ÉTIQUETTE
KENZO,Haut,30.0,premium / luxe abordable,TRÈS BON ÉTAT
KENZO,Haut,35.0,premium / luxe abordable,TRÈS BON ÉTAT
KENZO,Haut,40.0,premium / luxe abordable,TRÈS BON ÉTAT
KENZO,Haut,10.0,premium / luxe abordable,BON ÉTAT
KENZO,Haut,25.0,premium / luxe abordable,BON ÉTAT
KENZO,Haut,95.0,premium / luxe abordable,NEUF AVEC ÉTIQUETTE
KENZO,Haut,8.0,premium / luxe abordable,BON ÉTAT
KENZO,Haut,12.0,premium / luxe abordable,BON ÉTAT
KENZO,Haut,20.0,premium / luxe abordable,TRÈS BON ÉTAT
KENZO,Haut,30.0,premium / luxe abordable,TRÈS BON ÉTAT
KENZO,Haut,20.0,premium / luxe abordable,TRÈS BON ÉTAT
KENZO,Haut,30.0,premium / luxe abordable,TRÈS BON ÉTAT
KENZO,Haut,60.0,premium / luxe abordable,NEUF SANS ÉTIQUETTE
KENZO,Haut,40.0,premium / luxe abordable,NEUF SANS ÉTIQUETTE
KENZO,Haut,20.0,premium / luxe abordable,TRÈS BON ÉTAT
LACOSTE,Haut,12.0,premium / luxe abordable,TRÈS BON ÉTAT
LACOSTE,Haut,15.0,premium / luxe abordable,TRÈS BON ÉTAT
LACOSTE,Haut,25.0,premium / luxe abordable,BON ÉTAT
LACOSTE,Haut,15.0,premium / luxe abordable,TRÈS BON ÉTAT
LACOSTE,Haut,20.0,premium / luxe abordable,TRÈS BON ÉTAT
LACOSTE,Haut,12.0,premium / luxe abordable,TRÈS BON ÉTAT
LACOSTE,Haut,15.0,premium / luxe abordable,TRÈS BON ÉTAT
LACOSTE,Haut,15.0,premium / luxe abordable,NEUF SANS ÉTIQUETTE
LACOSTE,Haut,20.0,premium / luxe abordable,TRÈS BON ÉTAT
LACOSTE,Haut,38.0,premium / luxe abordable,NEUF AVEC ÉTIQUETTE
LACOSTE,Haut,18.0,premium / luxe abordable,TRÈS BON ÉTAT
LACOSTE,Haut,40.0,premium / luxe abordable,NEUF AVEC ÉTIQUETTE
LACOSTE,Haut,15.0,premium / luxe abordable,TRÈS BON ÉTAT
LACOSTE,Haut,15.0,premium / luxe abordable,NEUF SANS ÉTIQUETTE
LACOSTE,Haut,20.0,premium / luxe abordable,TRÈS BON ÉTAT
LACOSTE,Haut,38.0,premium / luxe abordable,NEUF AVEC ÉTIQUETTE
LACOSTE,Haut,18.0,premium / luxe abordable,TRÈS BON ÉTAT
LACOSTE,Haut,40.0,premium / luxe abordable,NEUF AVEC ÉTIQUETTE
LACOSTE,Haut,15.0,premium / luxe abordable,TRÈS BON ÉTAT
LACOSTE,Haut,30.0,premium / luxe abordable,TRÈS BON ÉTAT
LACOSTE,Haut,20.0,premium / luxe abordable,TRÈS BON ÉTAT
LACOSTE,Haut,13.0,premium / luxe abordable,TRÈS BON ÉTAT
LACOSTE,Haut,25.0,premium / luxe abordable,NEUF SANS ÉTIQUETTE
LACOSTE,Haut,25.0,premium / luxe abordable,TRÈS BON ÉTAT
LACOSTE,Haut,15.0,premium / luxe abordable,TRÈS BON ÉTAT
PAUL SMITH,Haut,25.0,premium / luxe abordable,TRÈS BON ÉTAT
PAUL SMITH,Haut,6.0,premium / luxe abordable,NEUF SANS ÉTIQUETTE
PAUL SMITH,Haut,30.0,premium / luxe abordable,TRÈS BON ÉTAT
PAUL SMITH,Haut,5.0,premium / luxe abordable,TRÈS BON ÉTAT
PAUL SMITH,Haut,5.0,premium / luxe abordable,TRÈS BON ÉTAT
PAUL SMITH,Haut,5.0,premium / luxe abordable,TRÈS BON ÉTAT
PAUL SMITH,Haut,5.0,premium / luxe abordable,TRÈS BON ÉTAT
PAUL SMITH,Haut,5.0,premium / luxe abordable,TRÈS BON ÉTAT
PAUL SMITH,Haut,10.0,premium / luxe abordable,TRÈS BON ÉTAT
PAUL SMITH,Haut,2.0,premium / luxe abordable,BON ÉTAT
PAUL SMITH,Haut,33.0,premium / luxe abordable,NEUF AVEC ÉTIQUETTE
PAUL SMITH,Haut,10.0,premium / luxe abordable,TRÈS BON ÉTAT
PAUL SMITH,Haut,59.0,premium / luxe abordable,NEUF SANS ÉTIQUETTE
PAUL SMITH,Haut,5.0,premium / luxe abordable,TRÈS BON ÉTAT
PAUL SMITH,Haut,33.0,premium / luxe abordable,NEUF AVEC ÉTIQUETTE
PAUL SMITH,Haut,5.0,premium / luxe abordable,TRÈS BON ÉTAT
PAUL SMITH,Haut,55.0,premium / luxe abordable,NEUF SANS ÉTIQUETTE
PAUL SMITH,Haut,9.0,premium / luxe abordable,BON ÉTAT
PAUL SMITH,Haut,10.0,premium / luxe abordable,TRÈS BON ÉTAT
PAUL SMITH,Haut,5.0,premium / luxe abordable,BON ÉTAT
PAUL SMITH,Haut,5.0,premium / luxe abordable,TRÈS BON ÉTAT
PAUL SMITH,Haut,12.0,premium / luxe abordable,TRÈS BON ÉTAT
PAUL SMITH,Haut,10.0,premium / luxe abordable,TRÈS BON ÉTAT
PAUL SMITH,Haut,2.0,premium / luxe abordable,SATISFAISANT
PAUL SMITH,Haut,15.0,premium / luxe abordable,TRÈS BON ÉTAT
ADIDAS,Moyen-Haut,5.0,milieu de gamme,TRÈS BON ÉTAT
ADIDAS,Moyen-Haut,12.5,milieu de gamme,NEUF SANS ÉTIQUETTE
ADIDAS,Moyen-Haut,10.0,milieu de gamme,TRÈS BON ÉTAT
ADIDAS,Moyen-Haut,4.0,milieu de gamme,SATISFAISANT
ADIDAS,Moyen-Haut,4.0,milieu de gamme,BON ÉTAT
ADIDAS,Moyen-Haut,15.0,milieu de gamme,NEUF SANS ÉTIQUETTE
ADIDAS,Moyen-Haut,8.0,milieu de gamme,TRÈS BON ÉTAT
ADIDAS,Moyen-Haut,9.0,milieu de gamme,NEUF SANS ÉTIQUETTE
ADIDAS,Moyen-Haut,17.0,milieu de gamme,TRÈS BON ÉTAT
ADIDAS,Moyen-Haut,15.0,milieu de gamme,TRÈS BON ÉTAT
ADIDAS,Moyen-Haut,15.0,milieu de gamme,NEUF SANS ÉTIQUETTE
ADIDAS,Moyen-Haut,17.0,milieu de gamme,TRÈS BON ÉTAT
ADIDAS,Moyen-Haut,15.0,milieu de gamme,TRÈS BON ÉTAT
ADIDAS,Moyen-Haut,10.0,milieu de gamme,TRÈS BON ÉTAT
ADIDAS,Moyen-Haut,15.0,milieu de gamme,TRÈS BON ÉTAT
ADIDAS,Moyen-Haut,5.0,milieu de gamme,BON ÉTAT
ADIDAS,Moyen-Haut,5.0,milieu de gamme,BON ÉTAT
ADIDAS,Moyen-Haut,7.5,milieu de gamme,TRÈS BON ÉTAT
ADIDAS,Moyen-Haut,15.0,milieu de gamme,TRÈS BON ÉTAT
ADIDAS,Moyen-Haut,11.0,milieu de gamme,NEUF SANS ÉTIQUETTE
ADIDAS,Moyen-Haut,10.0,milieu de gamme,BON ÉTAT
ADIDAS,Moyen-Haut,17.0,milieu de gamme,BON ÉTAT
ADIDAS,Moyen-Haut,15.0,milieu de gamme,TRÈS BON ÉTAT
GUESS,Moyen-Haut,7.0,milieu de gamme,BON ÉTAT
GUESS,Moyen-Haut,4.0,milieu de gamme,BON ÉTAT
GUESS,Moyen-Haut,2.0,milieu de gamme,BON ÉTAT
GUESS,Moyen-Haut,4.0,milieu de gamme,BON ÉTAT
GUESS,Moyen-Haut,10.0,milieu de gamme,TRÈS BON ÉTAT
GUESS,Moyen-Haut,18.0,milieu de gamme,TRÈS BON ÉTAT
GUESS,Moyen-Haut,15.0,milieu de gamme,TRÈS BON ÉTAT
GUESS,Moyen-Haut,8.0,milieu de gamme,TRÈS BON ÉTAT
GUESS,Moyen-Haut,8.0,milieu de gamme,TRÈS BON ÉTAT
GUESS,Moyen-Haut,1.0,milieu de gamme,TRÈS BON ÉTAT
GUESS,Moyen-Haut,4.0,milieu de gamme,BON ÉTAT
GUESS,Moyen-Haut,13.0,milieu de gamme,NEUF AVEC ÉTIQUETTE
GUESS,Moyen-Haut,6.0,milieu de gamme,NEUF SANS ÉTIQUETTE
TOMMY HILFIGER,Moyen-Haut,20.0,milieu de gamme,NEUF AVEC ÉTIQUETTE
TOMMY HILFIGER,Moyen-Haut,28.0,milieu de gamme,NEUF AVEC ÉTIQUETTE
TOMMY HILFIGER,Moyen-Haut,20.0,milieu de gamme,NEUF SANS ÉTIQUETTE
TOMMY HILFIGER,Moyen-Haut,12.0,milieu de gamme,TRÈS BON ÉTAT
TOMMY HILFIGER,Moyen-Haut,12.0,milieu de gamme,BON ÉTAT
TOMMY HILFIGER,Moyen-Haut,12.0,milieu de gamme,BON ÉTAT
TOMMY HILFIGER,Moyen-Haut,7.0,milieu de gamme,TRÈS BON ÉTAT
TOMMY HILFIGER,Moyen-Haut,7.0,milieu de gamme,BON ÉTAT
TOMMY HILFIGER,Moyen-Haut,10.0,milieu de gamme,TRÈS BON ÉTAT
TOMMY HILFIGER,Moyen-Haut,10.0,milieu de gamme,TRÈS BON ÉTAT
TOMMY HILFIGER,Moyen-Haut,10.0,milieu de gamme,NEUF SANS ÉTIQUETTE
TOMMY HILFIGER,Moyen-Haut,6.0,milieu de gamme,BON ÉTAT
TOMMY HILFIGER,Moyen-Haut,7.0,milieu de gamme,SATISFAISANT
TOMMY HILFIGER,Moyen-Haut,6.0,milieu de gamme,BON ÉTAT
TOMMY HILFIGER,Moyen-Haut,20.0,milieu de gamme,TRÈS BON ÉTAT
TOMMY HILFIGER,Moyen-Haut,15.0,milieu de gamme,TRÈS BON ÉTAT
TOMMY HILFIGER,Moyen-Haut,5.0,milieu de gamme,TRÈS BON ÉTAT
TOMMY HILFIGER,Moyen-Haut,20.0,milieu de gamme,TRÈS BON ÉTAT
TOMMY HILFIGER,Moyen-Haut,20.0,milieu de gamme,NEUF SANS ÉTIQUETTE
TOMMY HILFIGER,Moyen-Haut,35.0,milieu de gamme,NEUF SANS ÉTIQUETTE
TOMMY HILFIGER,Moyen-Haut,2.0,milieu de gamme,SATISFAISANT
TOMMY HILFIGER,Moyen-Haut,5.0,milieu de gamme,BON ÉTAT
TOMMY HILFIGER,Moyen-Haut,30.0,milieu de gamme,NEUF SANS ÉTIQUETTE
TOMMY HILFIGER,Moyen-Haut,10.0,milieu de gamme,TRÈS BON ÉTAT
TOMMY HILFIGER,Moyen-Haut,4.0,milieu de gamme,TRÈS BON ÉTAT
TOMMY HILFIGER,Moyen-Haut,25.0,milieu de gamme,TRÈS BON ÉTAT
TOMMY HILFIGER,Moyen-Haut,7.0,milieu de gamme,TRÈS BON ÉTAT
TOMMY HILFIGER,Moyen-Haut,20.0,milieu de gamme,BON ÉTAT
TOMMY HILFIGER,Moyen-Haut,12.0,milieu de gamme,TRÈS BON ÉTAT
BALENCIAGA,Luxe,57.0,luxe & création,TRÈS BON ÉTAT
BURBERRY,Luxe,26.0,luxe & création,TRÈS BON ÉTAT
SANDRO,Haut,29.0,premium / luxe abordable,TRÈS BON ÉTAT
BALENCIAGA,Luxe,55.0,luxe & création,BON ÉTAT
GIVENCHY,Luxe,68.0,luxe & création,TRÈS BON ÉTAT
CARVEN,Luxe,44.0,luxe & création,TRÈS BON ÉTAT
GIVENCHY,Luxe,200.0,luxe & création,TRÈS BON ÉTAT
YVES SAINT LAURENT,Luxe,92.94,luxe & création,TRÈS BON ÉTAT
BURBERRY,Luxe,30.0,luxe & création,TRÈS BON ÉTAT
CALVIN KLEIN,Moyen-Haut,26.0,milieu de gamme,TRÈS BON ÉTAT
IRO,Haut,35.0,premium / luxe abordable,TRÈS BON ÉTAT
GIVENCHY,Luxe,348.53,luxe & création,TRÈS BON ÉTAT
BALMAIN,Luxe,240.0,luxe & création,TRÈS BON ÉTAT
GIVENCHY,Luxe,220.33,luxe & création,TRÈS BON ÉTAT
BALMAIN,Luxe,214.12,luxe & création,TRÈS BON ÉTAT
MIU MIU,Luxe,79.0,luxe & création,TRÈS BON ÉTAT
EMANUEL UNGARO,Luxe,120.0,luxe & création,TRÈS BON ÉTAT
BONPOINT,Luxe,24.0,luxe & création,TRÈS BON ÉTAT
KENZO,Haut,57.0,premium / luxe abordable,BON ÉTAT
GERARD DAREL,Haut,120.0,premium / luxe abordable,TRÈS BON ÉTAT
PINKO,Moyen-Haut,47.0,milieu de gamme,TRÈS BON ÉTAT
COMPTOIR DES COTONNIERS,Moyen-Haut,32.0,milieu de gamme,TRÈS BON ÉTAT
GUCCI,Luxe,230.0,luxe & création,NEUF AVEC ÉTIQUETTE
BALENCIAGA,Luxe,160.0,luxe & création,NEUF SANS ÉTIQUETTE
GIVENCHY,Luxe,45.0,luxe & création,NEUF SANS ÉTIQUETTE
DIOR,Luxe,200.0,luxe & création,TRÈS BON ÉTAT
ZADIG & VOLTAIRE,Haut,59.0,premium / luxe abordable,NEUF AVEC ÉTIQUETTE
ZADIG & VOLTAIRE,Haut,30.0,premium / luxe abordable,TRÈS BON ÉTAT
GIVENCHY,Luxe,232.57,luxe & création,BON ÉTAT
ZADIG & VOLTAIRE,Haut,27.0,premium / luxe abordable,BON ÉTAT
ADIDAS,Moyen-Haut,25.0,milieu de gamme,NEUF SANS ÉTIQUETTE
ADIDAS,Moyen-Haut,25.0,milieu de gamme,NEUF SANS ÉTIQUETTE
GIVENCHY,Luxe,115.0,luxe & création,TRÈS BON ÉTAT
NIKE,Moyen-Haut,20.0,milieu de gamme,SATISFAISANT
ADIDAS,Moyen-Haut,20.0,milieu de gamme,TRÈS BON ÉTAT
UNDERCOVER,Luxe,59.0,luxe & création,TRÈS BON ÉTAT
MICHAEL KORS,Haut,36.0,premium / luxe abordable,TRÈS BON ÉTAT
GIVENCHY,Luxe,55.0,luxe & création,TRÈS BON ÉTAT
GUESS,Moyen-Haut,22.0,milieu de gamme,TRÈS BON ÉTAT
BURBERRY,Luxe,44.0,luxe & création,SATISFAISANT
ADIDAS,Moyen-Haut,35.0,milieu de gamme,NEUF SANS ÉTIQUETTE
MORGAN,Moyen,20.0,entrée de gamme / mass market,TRÈS BON ÉTAT
POLO RALPH LAUREN,Haut,35.0,premium / luxe abordable,TRÈS BON ÉTAT
ALEXANDER MCQUEEN,Luxe,240.0,luxe & création,NEUF SANS ÉTIQUETTE
PEPE JEANS,Haut,16.0,premium / luxe abordable,TRÈS BON ÉTAT
GIVENCHY,Luxe,290.0,luxe & création,TRÈS BON ÉTAT
MORGAN,Moyen,20.0,entrée de gamme / mass market,TRÈS BON ÉTAT
POLO RALPH LAUREN,Haut,35.0,premium / luxe abordable,TRÈS BON ÉTAT
ALEXANDER MCQUEEN,Luxe,240.0,luxe & création,NEUF SANS ÉTIQUETTE
PEPE JEANS,Haut,16.0,premium / luxe abordable,TRÈS BON ÉTAT
GIVENCHY,Luxe,290.0,luxe & création,TRÈS BON ÉTAT
LACOSTE,Haut,25.0,premium / luxe abordable,BON ÉTAT
DESIGUAL,Moyen,25.0,entrée de gamme / mass market,NEUF SANS ÉTIQUETTE
ARMAND THIERY,Moyen-Bas,17.0,entrée de gamme / mass market,TRÈS BON ÉTAT
POLO RALPH LAUREN,Haut,24.0,premium / luxe abordable,TRÈS BON ÉTAT
ARMAND THIERY,Moyen-Bas,17.0,entrée de gamme / mass market,TRÈS BON ÉTAT
GUCCI,Luxe,215.0,luxe & création,NEUF AVEC ÉTIQUETTE
PINKO,Moyen-Haut,37.0,milieu de gamme,NEUF SANS ÉTIQUETTE
CALVIN KLEIN,Moyen-Haut,28.0,milieu de gamme,NEUF SANS ÉTIQUETTE
BALENCIAGA,Luxe,154.0,luxe & création,TRÈS BON ÉTAT
GUCCI,Luxe,99.0,luxe & création,TRÈS BON ÉTAT
GUCCI,Luxe,264.0,luxe & création,NEUF SANS ÉTIQUETTE
DIOR HOMME,Luxe,135.0,luxe & création,TRÈS BON ÉTAT
BALENCIAGA,Luxe,130.0,luxe & création,TRÈS BON ÉTAT
BALENCIAGA,Luxe,170.0,luxe & création,TRÈS BON ÉTAT
VIVIENNE WESTWOOD,Luxe,71.0,luxe & création,TRÈS BON ÉTAT
GUCCI,Luxe,67.0,luxe & création,BON ÉTAT
GIVENCHY,Luxe,135.0,luxe & création,NEUF SANS ÉTIQUETTE
BALENCIAGA,Luxe,118.0,luxe & création,TRÈS BON ÉTAT
GIVENCHY,Luxe,125.0,luxe & création,NEUF SANS ÉTIQUETTE
BURBERRY,Luxe,42.0,luxe & création,TRÈS BON ÉTAT
LOEWE,Luxe,180.0,luxe & création,TRÈS BON ÉTAT
GIVENCHY,Luxe,125.0,luxe & création,NEUF SANS ÉTIQUETTE
PRADA,Luxe,115.0,luxe & création,NEUF AVEC ÉTIQUETTE
GUCCI,Luxe,199.0,luxe & création,NEUF SANS ÉTIQUETTE
NIKE,Moyen-Haut,25.0,milieu de gamme,TRÈS BON ÉTAT
DIOR,Luxe,90.0,luxe & création,TRÈS BON ÉTAT
GIVENCHY,Luxe,200.0,luxe & création,NEUF AVEC ÉTIQUETTE
SAINT LAURENT,Luxe,96.91,luxe & création,BON ÉTAT
GIVENCHY,Luxe,90.0,luxe & création,TRÈS BON ÉTAT
SAINT LAURENT,Luxe,96.91,luxe & création,BON ÉTAT
GIVENCHY,Luxe,90.0,luxe & création,TRÈS BON ÉTAT
GIVENCHY,Luxe,99.0,luxe & création,TRÈS BON ÉTAT
YVES SAINT LAURENT,Luxe,67.19,luxe & création,TRÈS BON ÉTAT
JACQUEMUS,Luxe,100.0,luxe & création,TRÈS BON ÉTAT
GUCCI,Luxe,234.0,luxe & création,NEUF SANS ÉTIQUETTE
PRADA,Luxe,47.0,luxe & création,TRÈS BON ÉTAT
BALENCIAGA,Luxe,360.0,luxe & création,NEUF SANS ÉTIQUETTE
ADIDAS,Moyen-Haut,20.0,milieu de gamme,TRÈS BON ÉTAT
LOUIS VUITTON,Luxe,160.0,luxe & création,NEUF AVEC ÉTIQUETTE
DIOR,Luxe,350.0,luxe & création,NEUF SANS ÉTIQUETTE
PRADA,Luxe,40.0,luxe & création,TRÈS BON ÉTAT
BALENCIAGA,Luxe,258.41,luxe & création,NEUF SANS ÉTIQUETTE
GIVENCHY,Luxe,83.98,luxe & création,BON ÉTAT
PRADA,Luxe,45.0,luxe & création,TRÈS BON ÉTAT
DIOR HOMME,Luxe,122.0,luxe & création,TRÈS BON ÉTAT
SAINT LAURENT,Luxe,150.0,luxe & création,NEUF SANS ÉTIQUETTE
GUCCI,Luxe,148.59,luxe & création,NEUF AVEC ÉTIQUETTE
BALENCIAGA,Luxe,300.0,luxe & création,NEUF SANS ÉTIQUETTE
PRADA,Luxe,110.0,luxe & création,NEUF SANS ÉTIQUETTE
PRADA,Luxe,110.0,luxe & création,NEUF SANS ÉTIQUETTE
SAINT LAURENT,Luxe,96.91,luxe & création,TRÈS BON ÉTAT
GUCCI,Luxe,240.0,luxe & création,NEUF SANS ÉTIQUETTE
PRADA,Luxe,63.0,luxe & création,BON ÉTAT
BALENCIAGA,Luxe,96.0,luxe & création,BON ÉTAT
DIOR HOMME,Luxe,270.0,luxe & création,TRÈS BON ÉTAT
BALENCIAGA,Luxe,240.0,luxe & création,NEUF SANS ÉTIQUETTE
DIOR,Luxe,199.0,luxe & création,TRÈS BON ÉTAT
PRADA,Luxe,72.0,luxe & création,TRÈS BON ÉTAT
BALENCIAGA,Luxe,72.0,luxe & création,TRÈS BON ÉTAT
PRADA,Luxe,77.0,luxe & création,NEUF AVEC ÉTIQUETTE
VIVIENNE WESTWOOD,Luxe,65.0,luxe & création,TRÈS BON ÉTAT
BALENCIAGA,Luxe,153.0,luxe & création,TRÈS BON ÉTAT
PRADA,Luxe,72.0,luxe & création,TRÈS BON ÉTAT
NIKE,Moyen-Haut,28.0,milieu de gamme,NEUF AVEC ÉTIQUETTE
PRADA,Luxe,133.51,luxe & création,NEUF SANS ÉTIQUETTE
GUCCI,Luxe,170.0,luxe & création,TRÈS BON ÉTAT
BURBERRY,Luxe,91.74,luxe & création,NEUF AVEC ÉTIQUETTE
KENZO,Haut,50.0,premium / luxe abordable,NEUF AVEC ÉTIQUETTE
SAINT LAURENT,Luxe,90.0,luxe & création,TRÈS BON ÉTAT
PRADA,Luxe,72.0,luxe & création,TRÈS BON ÉTAT
NIKE,Moyen-Haut,20.0,milieu de gamme,NEUF AVEC ÉTIQUETTE
CHANEL,Luxe,231.28,luxe & création,TRÈS BON ÉTAT
GUCCI,Luxe,155.05,luxe & création,NEUF SANS ÉTIQUETTE
BALENCIAGA,Luxe,116.29,luxe & création,TRÈS BON ÉTAT
ALEXANDER MCQUEEN,Luxe,60.0,luxe & création,BON ÉTAT
PRADA,Luxe,72.0,luxe & création,TRÈS BON ÉTAT
CALVIN KLEIN,Moyen-Haut,20.0,milieu de gamme,NEUF SANS ÉTIQUETTE
VIVIENNE WESTWOOD,Luxe,60.0,luxe & création,TRÈS BON ÉTAT
SAINT LAURENT,Luxe,90.0,luxe & création,TRÈS BON ÉTAT
PRADA,Luxe,72.0,luxe & création,TRÈS BON ÉTAT
NIKE,Moyen-Haut,20.0,milieu de gamme,NEUF AVEC ÉTIQUETTE
CHANEL,Luxe,231.28,luxe & création,TRÈS BON ÉTAT
GUCCI,Luxe,155.05,luxe & création,NEUF SANS ÉTIQUETTE
BALENCIAGA,Luxe,116.29,luxe & création,TRÈS BON ÉTAT
ALEXANDER MCQUEEN,Luxe,60.0,luxe & création,BON ÉTAT
PRADA,Luxe,72.0,luxe & création,TRÈS BON ÉTAT
CALVIN KLEIN,Moyen-Haut,20.0,milieu de gamme,NEUF SANS ÉTIQUETTE
VIVIENNE WESTWOOD,Luxe,60.0,luxe & création,TRÈS BON ÉTAT
GUCCI,Luxe,236.0,luxe & création,TRÈS BON ÉTAT
GUCCI,Luxe,90.44,luxe & création,NEUF AVEC ÉTIQUETTE
ISABEL MARANT,Premium Luxury,99.0,luxe & création,NEUF AVEC ÉTIQUETTE
BALENCIAGA,Luxe,250.0,luxe & création,NEUF AVEC ÉTIQUETTE
GUCCI,Luxe,321.72,luxe & création,NEUF AVEC ÉTIQUETTE
PRADA,Luxe,108.0,luxe & création,NEUF SANS ÉTIQUETTE
RALPH LAUREN,Haut,28.0,premium / luxe abordable,TRÈS BON ÉTAT
SONIA RYKIEL,Luxe,45.0,luxe & création,NEUF SANS ÉTIQUETTE
BALENCIAGA,Luxe,90.0,luxe & création,TRÈS BON ÉTAT
BALENCIAGA,Luxe,170.0,luxe & création,NEUF SANS ÉTIQUETTE
SAINT LAURENT,Luxe,130.0,luxe & création,NEUF SANS ÉTIQUETTE
SAINT LAURENT,Luxe,195.0,luxe & création,NEUF SANS ÉTIQUETTE
CALVIN KLEIN,Moyen-Haut,20.0,milieu de gamme,NEUF SANS ÉTIQUETTE
SAINT LAURENT,Luxe,180.89,luxe & création,TRÈS BON ÉTAT
VIVIENNE WESTWOOD,Luxe,45.0,luxe & création,BON ÉTAT
ZADIG & VOLTAIRE,Haut,30.0,premium / luxe abordable,TRÈS BON ÉTAT
MONCLER,Luxe,49.0,luxe & création,TRÈS BON ÉTAT
SAINT LAURENT,Luxe,180.89,luxe & création,TRÈS BON ÉTAT
GUCCI,Luxe,210.0,luxe & création,NEUF SANS ÉTIQUETTE
YVES SAINT LAURENT,Luxe,50.56,luxe & création,TRÈS BON ÉTAT
SAINT LAURENT,Luxe,129.21,luxe & création,TRÈS BON ÉTAT
PRADA,Luxe,115.0,luxe & création,NEUF SANS ÉTIQUETTE
BALENCIAGA,Luxe,70.0,luxe & création,BON ÉTAT
BURBERRY,Luxe,45.0,luxe & création,TRÈS BON ÉTAT
GIVENCHY,Luxe,88.0,luxe & création,TRÈS BON ÉTAT
BALENCIAGA,Luxe,380.0,luxe & création,NEUF SANS ÉTIQUETTE
