,√âtat,Designer,Taille,En ligne depuis le,nom,prix
0,Jamais port√©,Ganni,M International,2022-03-13,T-shirt uni avec logo G amovible.Traduire,"57,45 ‚Ç¨"
1,Jamais port√©,Balmain,36 FR,2022-04-01,T shirt unis noir avec logo Balmain. Intemporel de la maison Balmain.Traduire,"155 ‚Ç¨
+15 ‚Ç¨ Contr√¥le et authentification"
2,Jamais port√©,Dolce & Gabbana,M International,2022-01-22,T-shirt uni neuf jamais port√©Traduire,75 ‚Ç¨
3,Jamais port√© avec √©tiquette,Mother,S International,2022-03-24,T-shirt uni en cotonTraduire,"44,69 ‚Ç¨
+15 ‚Ç¨ Contr√¥le et authentification"
4,Jamais port√©,Dolce & Gabbana,40 IT,2021-10-26,T-shirt uni classique. Jamais port√©.Traduire,60 ‚Ç¨
5,Tr√®s bon √©tat,Filippa K,S International,2021-11-18,"T-shirt uni √† manches longues Filippa K 100% lin. En beige naturel √©cru. Col rond, ourlets arrondis, coupe d√©contract√©e. Non port√©, mais a un petit d√©faut sous le bras, difficile √† voir lorsqu'il est port√©. Taille S conforme √† la tailleTraduire",30 ‚Ç¨
6,Jamais port√©,Bottega Veneta,S International,2022-01-25,T-shirt uni Bottega Veneta. Taille STraduire,"172,36 ‚Ç¨"
7,Correct,Kiton,XL International,2022-02-24,T-shirt uni en coton orange Kiton. Taille de l'√©tiquette d'entretien : XL. Taille : XL. 100% Coton. Bonne condition. L'article a des d√©fauts mais ne montre aucun signe d'utilisation. L√©g√®re usure du tissu dans l'ensemble. Veuillez noter que...Lire la suiteTraduire,"45,96 ‚Ç¨"
8,Jamais port√© avec √©tiquette,Mcq,M International,2021-12-26,T-shirt uni mcqTraduire,47 ‚Ç¨
9,Tr√®s bon √©tat,Zara,36 FR,2022-02-06,"T shirt uni vert flashy, parfait √©tatTraduire","16 ‚Ç¨
+15 ‚Ç¨ Contr√¥le et authentification"
10,Jamais port√©,Burberry,S International,2021-08-22,"T-shirt uni fuchsia taille S
Jamais port√©Traduire",60 ‚Ç¨
11,Tr√®s bon √©tat,Kenzo,S International,2021-08-26,"t-shirt uni polo kenzo, livr√© avec un sac sp√©cial kenzoTraduire",36 ‚Ç¨
12,Tr√®s bon √©tat,Marimekko,S International,2021-09-30,T-shirt uni avec de belles manches coup√©esTraduire,27 ‚Ç¨
13,Tr√®s bon √©tat,Sandro,36 FR,2021-10-23,t-shirt uni avec motif satin sur le devantTraduire,22 ‚Ç¨
14,Jamais port√©,Versace Jeans Couture,XXS International,2022-03-01,"T-shirt uni avec imprim√©, col rond‚ú®Traduire","60 ‚Ç¨
+15 ‚Ç¨ Contr√¥le et authentification"
15,Tr√®s bon √©tat,Paul Smith,XL International,2021-06-27,T-shirt uni blanc facile √† porterTraduire,31 ‚Ç¨
16,Jamais port√©,KOOKAI,40 FR,2021-10-17,t-shirt uni jaune type lycraTraduire,19 ‚Ç¨
17,Tr√®s bon √©tat,Zadig & Voltaire,S International,2021-12-26,T-shirt uni zadig ailesTraduire,45 ‚Ç¨
18,Tr√®s bon √©tat,Acne Studios,M International,2021-06-07,"T-shirt uni gris acn√©, taille M, 100% cotonTraduire",31 ‚Ç¨
19,Bon √©tat,Moschino Love,M International,2021-11-21,T-shirt uni blancTraduire,32 ‚Ç¨
20,Bon √©tat,Blumarine,42 IT,2019-10-28,"T-shirt uni en viscose stretch avec manches l√©g√®rement fronc√©es aux √©paules. Bien utilis√© et entretenu, son √©tat est bon.Traduire",22 ‚Ç¨
21,Jamais port√© avec √©tiquette,JENNYFER,36 FR,2021-10-17,t shirt uni noir avec col imprimeTraduire,17 ‚Ç¨
22,Tr√®s bon √©tat,CAROLL,40 FR,2021-10-20,T-shirt uni col V √©cru avec √©paulettes pour souligner les √©paules. Un grand classique.Traduire,17 ‚Ç¨
23,Bon √©tat,Versace,M International,2020-12-18,"T-shirt uni, manches longues, logo en strass sur le devant du v√™tement. Article confortable et √©l√©gant 
 Mesures du v√™tement allong√© haut en cm 
 √âpaules 41 
 Bras 61 
 Poitrine 45 
 Longueur 63 
 
 Mati√®re 85% nylon 15% polyester [[...Lire la suiteTraduire","120 ‚Ç¨
+15 ‚Ç¨ Contr√¥le et authentification"
24,Tr√®s bon √©tat,Michael Kors,XXL International,2022-01-24,"T-shirt uni Michael Kors blanc pour homme ! 
Taille XXL 
Port√© une fois et depuis dans le tiroir de mon mari. 
Faites une bonne affaire¬†!Traduire","53,62 ‚Ç¨
+15 ‚Ç¨ Contr√¥le et authentification"
25,Correct,Kappa,XS International,2020-09-11,"T-shirt uni, d√©tail embl√®me imprim√© sur le devant, confortable et pratique. 
 
 code v142 
 
 mesures de la t√™te couch√©e sur une surface en cm 
 √©paules 50 
 bras 20 
 poitrine 54 
 longueur 64 
 
 √©tat: bonTraduire",22 ‚Ç¨
26,Bon √©tat,Gant,2 years - until 34 inches UK,2021-10-04,T-shirt uni avec logo de la marqueTraduire,30 ‚Ç¨
27,Bon √©tat,Emporio Armani,L International,2020-09-30,"T-shirt uni avec logo imprim√© sur le devant, col rond 
 
 Code v804 
 
 Mesures du v√™tement pos√© sur une surface en cm 
 √âpaules 40 
 Bras 23 
 Poitrine 47 
 Longueur 65 
 
 √âtat: bon √©tat g√©n√©ralTraduire",46 ‚Ç¨
28,Bon √©tat,Wrangler,S International,2020-11-11,"T-shirt uni en coton stretch Article confortable et pratique 
 
 Code v2106 
 
 Mesures du v√™tement pos√© sur une surface en cm 
 Epaules 35 
 Bras 16 
 Poitrine 37 
 Longueur 65 
 
 √âtat: bon √©tat g√©n√©ral, n√©cessite un l√©ger lavageTraduire",44 ‚Ç¨
29,Bon √©tat,Hugo Boss,10 years - until 56 inches UK,2020-04-22,"T-shirt uni blanc Hugo Boss, parfait √©tat, peu port√©Traduire","37,02 ‚Ç¨"
30,Jamais port√©,Vetements,M International,2022-03-22,"T shirt unisexe jamais port√© en excellent √©tat. Coton de qualit√©, tr√®s doux. Impression effet coup de pinceau.Traduire","136,61 ‚Ç¨"
31,Jamais port√©,Versace,S International,2022-03-19,"T-shirt unisexe Versace 
 Neuf, jamais port√©, avec √©tiquettes et √©tiquettes 
 Prix boutique : 300‚Ç¨ 
 
 
 SKU : 22FE284 [[ 2]] 
Traduire",169 ‚Ç¨
32,Jamais port√©,Celine,XS International,2022-03-16,T-shirt unisexe CELINE par Hedi Slimane - XS homme / S femmeTraduire,"150 ‚Ç¨
+15 ‚Ç¨ Contr√¥le et authentification"
33,Tr√®s bon √©tat,Vetements,M International,2022-02-18,T-shirt unisexe Vetements Collection Gardarobe en coton de couleur blanche. Achet√© chez Vestiaire il y a quelques mois et je ne l'ai port√© qu'une seule fois. Il est en excellent √©tat.Traduire,"112 ‚Ç¨
+15 ‚Ç¨ Contr√¥le et authentification"
34,Jamais port√©,Gucci,M International,2022-02-28,"T-shirt unisex M, ma veste grande oversize.Traduire","234 ‚Ç¨
+15 ‚Ç¨ Contr√¥le et authentification"
35,Jamais port√© avec √©tiquette,Gucci,3 months - until 24 inches UK,2022-03-16,"T-shirt unisexe Gucci pour b√©b√© 
 Tout neuf 
 Livr√© avec des √©tiquettes 
 3-6 moisTraduire","53,62 ‚Ç¨"
36,Tr√®s bon √©tat,Vivienne Westwood,M International,2022-02-03,"T-shirt unisexe Vivienne Westwood en tr√®s bon √©tat. 
La longueur du devant¬†: 62¬†cm 

La longueur du dos¬†: 67¬†cm 
Traduire",58 ‚Ç¨
37,Jamais port√© avec √©tiquette,Alexander Wang,XS International,2022-03-23,"T shirt Unisex Acid Wash Grenadine. 
Coupe d√©contract√©. 
Prix boutique : 215 eurosTraduire","115 ‚Ç¨
+15 ‚Ç¨ Contr√¥le et authentification"
38,Jamais port√©,Timberland,XXL International,2022-03-07,"T-shirt unisexe TIMBERLAND, comme neuf, seulement lav√© et jamais port√©, bleu nuit, imprim√© blanc (parfait), 100% coton biologique, montre taille XXL et üî¥‚ö´VESTE XL/XXL confortable‚ö´üî¥ 
 Mensurations : [ [2]] ‚û° √©paules 52 cm 
 ‚û° manche 23 cm ...Lire la suiteTraduire","22 ‚Ç¨
+15 ‚Ç¨ Contr√¥le et authentification"
39,Tr√®s bon √©tat,Vivienne Westwood,M International,2022-03-20,T-shirt unisexe Vivienne Westwood taille M coupe comme un S en tr√®s bon √©tat port√© 2 fois.Traduire,"80 ‚Ç¨
+15 ‚Ç¨ Contr√¥le et authentification"
40,Jamais port√© avec √©tiquette,Non Sign√© / Unsigned,S International,2022-03-01,"T-shirt unisexe
Blanc avec imprim√© Jaws
Marque Universal
Taille. S
100 coton
Neuf avec √©tiquettes
Emball√© √† l'origine (j'ai deux pi√®ces, donc des photos du d√©ball√©)
Traduire","25 ‚Ç¨
+15 ‚Ç¨ Contr√¥le et authentification"
41,Jamais port√© avec √©tiquette,Dsquared2,XS International,2021-12-11,"t shirt unisexe dsquared2 
 jamais port√©Traduire",40 ‚Ç¨
42,Tr√®s bon √©tat,Stella McCartney,S International,2022-01-05,"T-shirt UNISEXE ""Stella McCartney"" port√© seulement deux fois.Traduire",59 ‚Ç¨
43,Tr√®s bon √©tat,Abercrombie & Fitch,L International,2022-02-16,T-shirt unisexe Abercombie & Fitch. Taille L. Peu utilis√©. Il a un d√©faut de coloration comme vous pouvez le voir sur la photo.Traduire,18 ‚Ç¨
44,Tr√®s bon √©tat,Non Sign√© / Unsigned,XS International,2022-02-16,"T-shirt unisexe lundi bon march√© 
 Souvent utilis√©. Bonne condition. Il n'a aucun d√©faut.Traduire","22 ‚Ç¨
+15 ‚Ç¨ Contr√¥le et authentification"
45,Tr√®s bon √©tat,Off-White,XS International,2022-03-06,T-shirt unisexe Golden Ratio blanc cass√© taille XS taille S en tr√®s bon √©tat port√© peu de fois.Traduire,"230 ‚Ç¨
+15 ‚Ç¨ Contr√¥le et authentification"
46,Tr√®s bon √©tat,Saint Laurent,M International,2021-10-31,T-shirt unisexe taille MTraduire,150 ‚Ç¨
47,Jamais port√© avec √©tiquette,Saint Laurent,M International,2022-02-28,"T-shirt unisexe neuf, jamais port√©Traduire","200 ‚Ç¨
+15 ‚Ç¨ Contr√¥le et authentification"
48,Jamais port√©,Philipp Plein,M International,2022-03-17,T-shirt unisexeTraduire,"80 ‚Ç¨
+15 ‚Ç¨ Contr√¥le et authentification"
49,Jamais port√©,Burberry,M International,2022-03-06,T-shirt unisexe Burberry en tissu de coton stretch avec coupe oversizeTraduire,210 ‚Ç¨
50,Tr√®s bon √©tat,Dsquared2,44 IT,2021-12-13,T-shirt unisexe Dsquared. Condition excellente.Traduire,45 ‚Ç¨
51,Tr√®s bon √©tat,Moncler,10 years - until 56 inches UK,2022-03-04,T-shirt unisexe avec logo Moncler de la nouvelle saison ‚Ä¢ Aucune marque ‚Ä¢ port√© une seule fois et en excellent √©tat ! ‚Ä¢ 100 % authentique ‚Ä¢ 9-11 ansTraduire,"42,13 ‚Ç¨"
52,Jamais port√©,Barrow,S International,2021-09-03,T-shirt unisexe BARROWTraduire,80 ‚Ç¨
53,Tr√®s bon √©tat,Acne Studios,XS International,2021-06-12,"T-shirt unisexe Acne Studios Nash Face, travaillez deux fois !Traduire",65 ‚Ç¨
54,Bon √©tat,Armani Jeans,S International,2022-03-17,T-shirt unisexe Armani JeansTraduire,36 ‚Ç¨
55,Jamais port√©,Dolce & Gabbana,3 ans - jusqu'√† 98cm FR,2022-02-27,T-shirt unisexe Dolce et Gabbana taille 3 ans. Collecte actuelle. Jamais de masse. MaginifiqueTraduire,45 ‚Ç¨
56,Tr√®s bon √©tat,Helmut Lang,S International,2021-07-09,"T-shirt unisexe Helmut lang, coupe pr√®s du corps. Homme S femme MTraduire",50 ‚Ç¨
57,Tr√®s bon √©tat,Calvin Klein,S International,2021-10-02,"T-shirt unisexe m√©tallique vintage Calvin Klein. 

Calvin Klein, Body Fit Coupe, T-shirt m√©tallis√© Homme/unisexe
Taille : S, Vintage, √âtat : Tr√®s bon, Encolure : Col en V, Manches longues,[ [2]] Coupe : athl√©tique, couleur : gris, ruban, ty...Lire la suiteTraduire",20 ‚Ç¨
58,Tr√®s bon √©tat,Dsquared2,L International,2021-08-11,T-shirt unisexe en coton blanc.Traduire,50 ‚Ç¨
59,Jamais port√©,Boss,M International,2022-02-14,"T-shirt unisexe √† imprim√© graphique, jersey doux, coupe slim (voir mesures !) de la collection capsule BOSS x Michael Jackson. Celui-ci est un hommage √† la couverture classique de Thriller. Cr√©√© par l'artiste britannique Graham Dolphin, le ...Lire la suiteTraduire",40 ‚Ç¨
60,Tr√®s bon √©tat,Just Cavalli,M International,2021-09-14,t-shirt unisexeTraduire,22 ‚Ç¨
61,Tr√®s bon √©tat,Just Cavalli,M International,2021-09-14,t-shirt unisexeTraduire,29 ‚Ç¨
62,Tr√®s bon √©tat,QUICKSILVER,L International,2021-12-06,"T-shirt unisexe √† manches longues QUICKSILVER, marron fonc√© avec du jaune.
 Petit point culminant inestimable dans le dos. 
 100% cotonTraduire","30 ‚Ç¨
+15 ‚Ç¨ Contr√¥le et authentification"
63,Tr√®s bon √©tat,Armani Jeans,S International,2021-08-23,"T-shirt unisexe bleu denim avec imprim√© ""Armani Jeans"" ton sur ton. 
 L'√©tiquette avec la composition est manquante, mais il s'agit bien de coton, doux et frais. 
 illustr√© S, mais le mannequin sur les photos est un S et la chemise a une ...Lire la suiteTraduire",20 ‚Ç¨
64,Tr√®s bon √©tat,MSGM,L International,2022-02-15,T-shirt unisexe oversize en tissu √©pais avec imprim√© floral multicolore. Comme neuf.Traduire,55 ‚Ç¨
65,Tr√®s bon √©tat,Kenzo,M International,2022-01-14,T-shirt unisexe de Kenzo. Port√© quelques fois.Traduire,46 ‚Ç¨
66,Tr√®s bon √©tat,Philipp Plein,M International,2021-03-30,"T-shirt unisexe Philipp Plein Sport avec applications. 
 Mod√®le de base, taille M pour les femmes S pour les hommes. 
 La chemise est intacte, sans coupures ni manques. 
 La couleur est toujours plein et profond ..Traduire",47 ‚Ç¨
67,Jamais port√©,Non Sign√© / Unsigned,M International,2021-07-24,t-shirt unisexe perfor√© vintageTraduire,20 ‚Ç¨
68,Jamais port√©,Adidas,S International,2022-02-15,T-shirt unisexe ADIDAS NEW taille STraduire,"30 ‚Ç¨
+15 ‚Ç¨ Contr√¥le et authentification"
69,Tr√®s bon √©tat,Dsquared2,XL International,2021-04-14,T-shirt unisex dsquared tg XL con paillettes oroTraduire,47 ‚Ç¨
70,Jamais port√©,Non Sign√© / Unsigned,M International,2021-07-24,t-shirt unisexe perfor√© vintageTraduire,22 ‚Ç¨
71,Jamais port√©,Non Sign√© / Unsigned,M International,2021-07-24,t-shirt unisexe perfor√© vintageTraduire,27 ‚Ç¨
72,Tr√®s bon √©tat,Gucci,M International,2020-07-07,T-shirt unisexe Gucci en taille M (coupe oversize M pour femme). Mati√®re en coton l√©ger avec imprim√© lion et logo. Utilis√© quelques fois et minuscules petites taches comme on le voit sur les photos.Traduire,"207,59 ‚Ç¨"
73,Tr√®s bon √©tat,Burberry,4 ans - jusqu'√† 102cm FR,2022-02-04,T-shirt unisexe Burberry en tr√®s bon √©tatTraduire,32 ‚Ç¨
74,Jamais port√© avec √©tiquette,Mcq,M International,2021-02-09,"T-shirt unisexe taille L 
 McQTraduire",37 ‚Ç¨
75,Jamais port√©,Vivienne Westwood Anglomania,S International,2021-12-26,"T-shirt unisexe Anglomania Vivienne Westwood TIME TO ACT achet√© en 2021 √† la Boutique parisienne de la marque , rue Saint Honor√©.Traduire",200 ‚Ç¨
76,Jamais port√©,System,XS International,2021-11-28,"T-shirt unisexe taille XS convient aussi √† PETIT. 
 Motif rose noir et blanc. 
Traduire",37 ‚Ç¨
77,Jamais port√©,Balmain,10 ans - jusqu'√† 142cm FR,2022-01-09,T-shirt unisexe di BalmainTraduire,115 ‚Ç¨
78,Tr√®s bon √©tat,Non Sign√© / Unsigned,36 FR,2021-06-15,"T-shirt unisexe Vintage Rainbow Tie Dye avec une citation originale
Prix r√©gulier

T-shirt tie-dye arc-en-ciel vintage unisexe avec une citation originale - amour, paix , crabes. C'est parfait pour ceux qui cherchent √† clouer l'esth√©tiqu...Lire la suiteTraduire",22 ‚Ç¨
79,Tr√®s bon √©tat,Non Sign√© / Unsigned,36 FR,2021-06-15,"T-shirt unisexe Vintage Tie Dye avec imprim√© de bande dessin√©e originale


T-shirt tie-dye arc-en-ciel unisexe vintage rare avec un imprim√© de dessin anim√© 2talk42 original

Taille de l'√©tiquette - Petit

Des mesures

Les mesures s...Lire la suiteTraduire",22 ‚Ç¨
80,Tr√®s bon √©tat,Vivienne Westwood,M International,2021-11-16,T-shirt unisexe √† col rond imprim√© avec broderie et patch appliqu√© sur les manchesTraduire,"177 ‚Ç¨
+15 ‚Ç¨ Contr√¥le et authentification"
81,Jamais port√© avec √©tiquette,Trussardi,L International,2021-01-29,T-shirt unisexe en coton blanc avec imprim√©Traduire,32 ‚Ç¨
82,Bon √©tat,Just Cavalli,L International,2021-01-23,t-shirt unisexe √† imprim√© popTraduire,24 ‚Ç¨
83,Jamais port√©,Helmut Lang,S International,2021-10-17,"T Shirt unisexe 
Manches courtes
Taille S Homme = Taille M Femme (voir photo jointe de l'√©tiquette)Traduire","88,24 ‚Ç¨"
84,Bon √©tat,Undercover,L International,2021-01-13,"T-shirt unisexe, 100% coton, port√© 1 √† 2 fois, taille L, coupe ample, mesures: √©paules 47 cm, poitrine 48 cm, longueur asym√©trique 68-85 cm. 
 Mod√®le asym√©trique, la√ßage crois√© particulier cou. 
 Design tr√®s contemporain. 
 T-shirt avec une...Lire la suiteTraduire",65 ‚Ç¨
85,Jamais port√©,Burberry,M International,2021-09-24,T-shirt unisexe Burberry en tissu de coton m√©lang√© taille M avec une coupe classiqueTraduire,"528,53 ‚Ç¨"
86,Correct,Iceberg,M International,2022-02-07,T-shirt unisexe style iceberg grunge. La chemise est utilis√©e. Mais le prix est tr√®s abordable.Traduire,"27 ‚Ç¨
+15 ‚Ç¨ Contr√¥le et authentification"
87,Tr√®s bon √©tat,John Galliano,L International,2021-10-31,T-shirt unisexe vintage John Galliano gazette en tr√®s bon √©tatTraduire,"100 ‚Ç¨
+15 ‚Ç¨ Contr√¥le et authentification"
88,Jamais port√©,Barrow,S International,2021-09-03,T-shirt unisexe BARROWTraduire,80 ‚Ç¨
89,Tr√®s bon √©tat,House Of Holland,S International,2021-12-29,"T-SHIRT UNISEXE HOUSE OF HOLLAND
TAILLE STraduire","51,07 ‚Ç¨
+15 ‚Ç¨ Contr√¥le et authentification"
90,Tr√®s bon √©tat,GCDS,XS International,2021-10-13,"T-shirt unisexe GCDS, excellent √©tat, comme neufTraduire",90 ‚Ç¨
91,Tr√®s bon √©tat,Adidas,14 years - S UK,2021-12-12,"T-shirt unisexe gar√ßon √† manches courtes Adidas, taille 13-14 ans 164cm 
 100% coton 
 Tour d'√©paule 38 cm 
 Emmanchure 47 cm 
 Longueur 60 cm [ [2]]]Traduire","20 ‚Ç¨
+15 ‚Ç¨ Contr√¥le et authentification"
92,Bon √©tat,Les Artists,S International,2019-06-29,T-shirt unisexe taille S utilis√© mais en tr√®s bon √©tat.Traduire,25 ‚Ç¨
93,Tr√®s bon √©tat,Umbro,XXL International,2021-10-28,"T-Shirt unisexe UMBRO 
 Il est en excellent √©tat.
 TG.XXL 
 
Traduire",40 ‚Ç¨
94,Correct,Givenchy,34 FR,2021-10-23,"T-shirt unisexe Givenchy

COMPOSITION

100% Coton

MESURES

 Longueur 27,3 pouces

DETAILS

jersey, motif floral, col rond, manches courtes, sans applications, sans poches

Traduire","79,16 ‚Ç¨"
95,Jamais port√©,Vetements,S International,2020-05-30,"T-shirt unisexe Vetements avec capuche. 
 Coupe oversize de couleur noire avec impression sur le devant des logos embl√©matiques de la marque. 
 Port√© une fois.Traduire",261 ‚Ç¨
96,Bon √©tat,Missoni,L International,2021-06-01,"t-shirt unisexe multicolore missoni taille 50 (L) article 1016 
 55% coton 45% viscose. petit c√¥t√© d√©cousu au col 
 mesure 56, √©paules 46 cm, longueur totale 60 cm.Traduire","70 ‚Ç¨
+15 ‚Ç¨ Contr√¥le et authentification"
97,Jamais port√©,Dkny,M International,2021-07-27,"T-shirt unisexe DKNY couleur Noir 
 Jamais port√© 
 Vintage 
 Le T-shirt a √©t√© livr√© √† la presse lors d'un d√©fil√© √† Milan (il y a 25 ans) 
 √Ä collectionner !! ! 
 Dimensions : 
 Demi manche 
 Largeur √©paules 42 cm 
 Longueur 70 cmTraduire",37 ‚Ç¨
98,Tr√®s bon √©tat,Helmut Lang,XS International,2021-02-10,T-shirt unisexe en coton Helmut Lang. Taille XS. Longueur: 59 cm. Poitrine: 45 cm.Traduire,"100,86 ‚Ç¨"
99,Bon √©tat,Les Artists,M International,2021-06-18,"T-shirt unisexe LES(ART)ISTS 
Couleur en blanc 
Imprim√© Simons 68 au dos (couleur un peu d√©lav√© voir photo) 
Taille M 
Coupe regular [ [2]]A √©t√© port√© 
bon √©tat 
Traduire","43,41 ‚Ç¨"
100,Jamais port√©,Non Sign√© / Unsigned,L International,2021-08-25,T-SHIRT UNISEXE TAILLES DISPONIBLES DU M AU XLTraduire,30 ‚Ç¨
