,Ã‰TAT,NOMBRE DE VUES,EMPLACEMENT,MARQUE,TAILLE,AJOUTÃ‰,nom,prix,description
0,NEUF AVEC Ã‰TIQUETTE,16,"MADRID, ESPAÃ‘A",MANGO ,M,2022-05-12 00:53:54.800444,Camisa manga corta de verano hombre,25.0,Camisa muy fresca y elegante que irÃ¡ genial este verano si necesitas medidas exactas dÃ©jamelo saber
1,TRÃˆS BON Ã‰TAT,1,"LE RHEU, FRANCE",MANGO ,XS,2022-05-12 18:16:54.800468,T shirt mango,2.0,MariniÃ¨re mango
2,NEUF SANS Ã‰TIQUETTE,3,"NIJLEN, BELGIQUE / BELGIÃ‹",MANGO ,XS / 34 / 6,2022-05-12 15:53:54.800520,Gestreept T-shirt van Mango,8.0,"Aanpassend, rekstof
Niet gedragen"
3,NEUF AVEC Ã‰TIQUETTE,56,"UTRECHT, NEDERLAND",MANGO ,10 ANS / 134-140 CM,2022-05-10 18:53:54.800543,Bordeaux rode blouse,10.0,"Alleen gedragen voor de foto, maat 10 jaar valt normaal"
4,NEUF AVEC Ã‰TIQUETTE,5,FRANCE,MANGO ,S / 36 / 8,2022-05-12 18:53:54.800550,Teeshirt Ã©cru,20.0,Neuf sorti direct de l emballage
5,NEUF SANS Ã‰TIQUETTE,24,"BARRET, FRANCE",MANGO ,M / 38 / 10,2022-04-27 18:53:54.800554,Tee shirt mango,8.0,Vends tee shirt mango jamais porte bon Ã©tat tissu agrÃ©able Ã  porter
6,NEUF SANS Ã‰TIQUETTE,2,"LAGORD, FRANCE",MANGO ,XS,2022-05-12 12:53:54.800558,Tee shirt noir Mango T xs,3.0,Tee shirt noir Mango T XS
7,TRÃˆS BON Ã‰TAT,37,FRANCE,MANGO ,S / 36 / 8,2022-05-10 18:53:54.800561,T shirt Ã  motif,7.0,"portÃ© peu, taille correctement couleur gris/noir"
8,TRÃˆS BON Ã‰TAT,85,"Lâ€™AIGUILLON-SUR-VIE, FRANCE",MANGO ,S / 36 / 8,2022-05-12 18:53:54.800564,top paillettes,12.0,"Petit top Ã  paillettes 

#paillettes #tshirt #top"
9,TRÃˆS BON Ã‰TAT,29,"Lâ€™AIGUILLON-SUR-VIE, FRANCE",MANGO ,S / 36 / 8,2022-05-12 18:53:54.800566,top sequin,11.0,"Petit top mango idÃ©al pour les fÃªtes

#mango #paillettes #strass"
10,TRÃˆS BON Ã‰TAT,13,"Lâ€™AIGUILLON-SUR-VIE, FRANCE",MANGO ,S / 36 / 8,2022-05-12 18:53:54.800569,top paillettes,9.0,"petit t-shirt mango paillettes 

#paillettes #top #tshirt #mango"
11,NEUF SANS Ã‰TIQUETTE,120,"Lâ€™AIGUILLON-SUR-VIE, FRANCE",ZARA ,S / 36 / 8,2022-05-05 18:53:54.800571,top popeline,14.0,"joli top popeline, achetÃ© en boutique parisienne, ressemble top zara 

#Ã©tÃ© #zara #pop"
12,TRÃˆS BON Ã‰TAT,1999,"Lâ€™AIGUILLON-SUR-VIE, FRANCE",PIMKIE ,S / 36 / 8,2022-05-12 18:53:54.800574,Blazer bleu,18.0,"Jolie blazer bleu en superbe Ã©tat 

#blazer #femme #pimkie #tendance #chic"
13,NEUF AVEC Ã‰TIQUETTE,124,"CASTELNAU-LE-LEZ, FRANCE",MNG ,M,2022-05-12 18:53:54.800576,Tee-shirts,8.0,neuf avec Ã©tiquette coton mâ€™angoisse
14,TRÃˆS BON Ã‰TAT,44,FRANCE,MANGO ,XXL / 44 / 16,2022-05-12 08:53:54.800579,T-shirt Mango,4.0,"Tres bon etat
Taille XXL"
15,NEUF AVEC Ã‰TIQUETTE,48,FRANCE,MANGO ,S / 36 / 8,2022-05-11 22:53:54.800582,TrÃ¨s beau u t-shirt Ã  mini fleurs ðŸŒ· Mango,10.0,"TrÃ¨s beau u t-shirt Ã  mini fleurs ðŸŒ· Mango. 
En coton organique. 
Aisselle Ã  aisselle 47cm. 
Longueur depuis lâ€™Ã©paule 56cm. 
Couleurs Ã©cru et rouge. 
Neuf avec Ã©tiquette. Aucun dÃ©faut. 

Envoi par Mondial Relais ou shop2shop (e-Chronopost). 


#mango #tshirt #coton #organiccoton #organique #ecru #fleurs"
16,NEUF AVEC Ã‰TIQUETTE,53,FRANCE,MANGO ,S,2022-05-12 18:53:54.800585,T-shirt rayÃ© manches bouffantes,9.0,"Ã©tat neuf, Longueur total environ 48 cmï¿¼s, oui estcorrespondant davantage Ã  un 36/38"
17,TRÃˆS BON Ã‰TAT,97,"MADRID, ESPAÃ‘A",MANGO ,L / 40 / 12,2022-05-12 18:53:54.800588,Lote camisetas varios modelos,5.0,"lote de camisetas varios modelos 5â‚¬ unidad 
L y XL"
18,TRÃˆS BON Ã‰TAT,2,"TOULOUSE, FRANCE",MANGO ,XS,2022-05-08 18:53:54.800591,flowery mango T-shirt,3.5,100% organic cotton
19,NEUF SANS Ã‰TIQUETTE,27,"GONESSE, FRANCE",MANGO ,M,2022-05-12 18:53:54.800593,Tee shirt blanc elegant mango taille m neuf,15.0,Tee shirt blanc elegant mango taille m neuf
20,TRÃˆS BON Ã‰TAT,3,"MAIZIÃˆRES-LÃˆS-METZ, FRANCE",MANGO ,11 ANS / 140-146 CM,2022-05-10 18:53:54.800596,T-shirt rose Mango 11/12A,3.5,"T-shirt rose pale Mango
11/12A
ParfAit Ã©tat"
21,BON Ã‰TAT,3,"LAMPERTHEIM, FRANCE",MANGO ,11 ANS / 140-146 CM,2022-05-12 18:53:54.800599,T-shirt Mango 11/12ans,2.0,Bon Ã©tat
22,TRÃˆS BON Ã‰TAT,31,"PEYPIN-Dâ€™AIGUES, FRANCE",MANGO ,S / 36 / 8,2022-05-06 18:53:54.800602,T shirt Mango,8.0,"TrÃ¨s joli t-shirt mango portÃ© seulement quelque fois il est en trÃ¨s bon Ã©tat :) 
Ã‰cru et gris Ã  l'arriÃ¨re 
Taille S"
23,NEUF SANS Ã‰TIQUETTE,38,"CAPELLE AAN DEN IJSSEL, NEDERLAND",MANGO ,XS / 34 / 6,2022-05-10 18:53:54.800605,Roze shirtje van Mango,5.0,"Amper gedragen
XS maar valt als S/M"
24,NEUF SANS Ã‰TIQUETTE,366,"ALSACE, FRANCE",MANGO ,XS / 34 / 6,2022-05-12 18:53:54.800608,Top Mango 100% coton,12.0,Top Mango 100% coton la couleur est fidÃ¨le Ã  la 3 Ã¨me photo . Neuf jamais portÃ©. Taille XS oversise .
25,TRÃˆS BON Ã‰TAT,13,"BEAUVAIS, FRANCE",MANGO ,6 ANS / 110-116 CM,2022-05-12 18:53:54.800610,T-shirt mango,1.0,Peu porte
26,NEUF SANS Ã‰TIQUETTE,7,"AGEN, FRANCE",MANGO ,S / 36 / 8,2022-05-11 23:53:54.800613,T-shirt mango neuf taille S,5.0,Jamais portÃ©
27,TRÃˆS BON Ã‰TAT,2,"SATHONAY-VILLAGE, FRANCE",MANGO ,15 ANS / 164-170 CM,2022-05-10 18:53:54.800616,T-shirt manches longues Mango,5.0,"portÃ© quelques fois, taille correctement"
28,NEUF SANS Ã‰TIQUETTE,160,NEDERLAND,MANGO ,M / 38 / 10,2022-05-10 18:53:54.800619,Beige tshirt van mango,2.5,nog nooit gedragen beige shirt basic MANGO. zit heerlijk en past overal bij!
29,TRÃˆS BON Ã‰TAT,63,"MADRID, ESPAÃ‘A",MANGO ,M / 38 / 10,2022-05-12 18:53:54.800622,Camiseta mango,10.0,"camiseta mango 
tall M"
30,TRÃˆS BON Ã‰TAT,84,"SAINT-LAURENT-DU-VAR, FRANCE",MANGO ,S / 36 / 8,2022-05-12 18:53:54.800625,Mango - Teeshirt Blanc Ã  Impression Noire- T. S,10.0,"Teeshirt en Coton Blanc avec Impression Noire sur le Corsage - T. S
En TrÃ©s Bon Etat"
31,NEUF AVEC Ã‰TIQUETTE,10,FRANCE,MANGO ,S / 36 / 8,2022-05-12 18:53:54.800627,Teeshirt noir Ã©paulette mousse,15.0,Neuf sorti direct de l emballage
32,BON Ã‰TAT,104,FRANCE,MANGO ,S / 36 / 8,2022-05-12 18:53:54.800630,T shirt Mango,5.0,T shirt Ã  rayures bon Ã©tat gÃ©nÃ©ral
33,TRÃˆS BON Ã‰TAT,15,FRANCE,MANGO ,6 ANS / 110-116 CM,2022-05-12 18:53:54.800632,T shirt Mango,4.0,"Joli t Shirt Mango. Avec van ""rÃ©versible""
Couleur bleue et Rouge"
34,NEUF AVEC Ã‰TIQUETTE,9,"MADRID, ESPAÃ‘A",MANGO ,M,2022-05-12 00:53:54.800635,Camisa de manga corta de lino hombre,25.0,"Camisa de 100% lino nueva con etiqueta, si necesitas medidas sÃ³lo escrÃ­beme ðŸ˜‰"
35,TRÃˆS BON Ã‰TAT,2,"PARIS, FRANCE",MANGO ,M / 38 / 10,2022-05-12 16:53:54.800638,Mango t shirt noir fin,8.0,TrÃ¨s lÃ©ger et agrÃ©able Ã  porter lâ€™Ã©tÃ©. Pas Ã  ma taille
36,TRÃˆS BON Ã‰TAT,10,"SAILLY-SUR-LA-LYS, FRANCE",MANGO ,8 ANS / 122-128 CM,2022-05-12 18:53:54.800641,T-shirt Ã  manches courtes Mango taille 7/8 ans,1.5,TrÃ¨s bon Ã©tat
37,TRÃˆS BON Ã‰TAT,45,"ALCORCON, ESPAÃ‘A",MANGO ,S / 36 / 8,2022-05-12 18:53:54.800643,Camiseta de encaje transparente,6.0,Muy elegante
38,BON Ã‰TAT,39,"ALCORCON, ESPAÃ‘A",MANGO ,M / 38 / 10,2022-05-12 18:53:54.800646,Camiseta rosa,2.0,perfecta para hacer ejercicio
39,TRÃˆS BON Ã‰TAT,150,"ALCORCON, ESPAÃ‘A",TIENDA LOCAL ,,2022-05-12 18:53:54.800648,CinturÃ³n marrÃ³n // Ceintures brunes,3.0,"en perfecto estado
#espesanabriaaccesorios"
40,NEUF AVEC Ã‰TIQUETTE,229,"ALCORCON, ESPAÃ‘A",AVON ,,2022-05-12 18:53:54.800651,Ocho pares de pendientes // Huit paires de boucles d'oreilles,9.0,Sin estrenar
41,NEUF SANS Ã‰TIQUETTE,210,"ALCORCON, ESPAÃ‘A",TIENDA LOCAL ,40,2022-05-12 18:53:54.800653,Zapatos nuevos de hombre // Nouvelles chaussures pour hommes,14.0,"Talla 40.
Totalmente sin estrenar"
42,TRÃˆS BON Ã‰TAT,25,"NANTES, FRANCE",MANGO ,M / 38 / 10,2022-05-12 18:53:54.800656,T shirt mango,3.0,Contient de l'elasthane
43,TRÃˆS BON Ã‰TAT,3,"CATANIA, ITALIA",MANGO ,M / 38 / 10,2022-05-12 18:53:54.800658,"T-shirt rossa a palline bianche ""Mango"" tg M",5.0,T shirt rossa a palline bianche marca mango taglia M in condizioni perfette per info leggera e traspirante perfetta per l'estate chidetemi pure
44,BON Ã‰TAT,2,"CHARLEVILLE-MÃ‰ZIÃˆRES, FRANCE",MANGO ,XS / 34 / 6,2022-05-12 18:53:54.800661,T shirt mango,2.0,T shirt mango blanc rayures jaune en bon Ã©tat taille xs
45,NEUF AVEC Ã‰TIQUETTE,38,"DOMART-EN-PONTHIEU, FRANCE",MANGO ,S / 36 / 8,2022-05-12 18:53:54.800663,T-shirt blanc Mango,4.0,"Neuf avec Ã©tiquette, taille S"
46,BON Ã‰TAT,7,"PARIS, FRANCE",MANGO ,M / 38 / 10,2022-05-12 10:53:54.800666,T-shirt tigre brodÃ© Mango,3.0,"Forme large/loose
TrÃ¨s beau tigre brodÃ©"
47,NEUF SANS Ã‰TIQUETTE,3,"LIGNAN-SUR-ORB, FRANCE",MANGO ,M / 38 / 10,2022-05-12 15:53:54.800669,T shirt Mango,5.0,"Neuf, compris vieux rose.
Ã‰tiquette intÃ©rieure coupÃ©e"
48,BON Ã‰TAT,3,"BARREIRO, PORTUGAL",MANGO ,L / 40 / 12,2022-05-12 16:53:54.800672,T-Shirt Mango,3.0,"-T-Shirt Mango com ilustraÃ§Ã£o;
- Usado algumas vezes, mas em bom estado;
- Tamanho Verdadeiro"
49,TRÃˆS BON Ã‰TAT,8,"OTTIGNIES, BELGIQUE / BELGIÃ‹",MANGO ,S / 36 / 8,2022-05-12 12:53:54.800675,T-shirt mango,3.0,"Mango
S
Tres bon Ã©tat"
50,TRÃˆS BON Ã‰TAT,2,FRANCE,MANGO ,9 ANS / 128-134 CM,2022-05-12 18:53:54.800678,T shirt Mango Ã©tÃ© 9 ans,2.0,TrÃ¨s bon Ã©tat 9 ans Mango
51,NEUF AVEC Ã‰TIQUETTE,33,"PARIS, FRANCE",MANGO ,M / 38 / 10,2022-05-12 18:53:54.800680,T shirt mango blanc,9.0,Absolument neuf et avec Ã©tiquette
52,SATISFAISANT,15,"BORDEAUX, FRANCE",MANGO ,S / 36 / 8,2022-05-12 18:53:54.800683,T-shirt blanc franges Mango,2.0,"T-shirt blanc franges Mango
Taille S"
53,TRÃˆS BON Ã‰TAT,12,FRANCE,MANGO ,M / 38 / 10,2022-05-12 18:53:54.800685,T-shirt kaki mango,3.0,Taille M
54,TRÃˆS BON Ã‰TAT,1,FRANCE,MANGO ,9 ANS / 128-134 CM,2022-05-12 18:53:54.800688,T shirt Mango 9 ans,2.0,TrÃ¨s bon Ã©tat 9 ans Mango
55,BON Ã‰TAT,1,"ALVARÃƒES, PORTUGAL",MANGO ,S / 36 / 8,2022-05-12 18:53:54.800690,Mango T-shirt S,3.0,Mango S
56,TRÃˆS BON Ã‰TAT,3,FRANCE,MANGO ,M / 38 / 10,2022-05-12 10:53:54.800693,T-shirt mango,2.0,t-shirt noir
57,TRÃˆS BON Ã‰TAT,9,"VILLIERS-SAINT-DENIS, FRANCE",MANGO ,M / 38 / 10,2022-05-12 13:53:54.800696,T-shirt Mango taille M,4.0,T-shirt Mango taille M
