,√âTAT,NOMBRE DE VUES,EMPLACEMENT,MARQUE,TAILLE,AJOUT√â,nom,prix,description
0,TR√àS BON √âTAT,47,"BARCELONA, ESPA√ëA",PULL & BEAR ,S / 36 / 8,2022-04-02 14:25:07.149291,Jersey/Vestido del Pull & Bear,5.0,Jersey blanco (puede usarse como vestido) usado muy poco. Talla S. Pull & Bear. Buena calidad. No transparenta.
1,TR√àS BON √âTAT,378,"BARCELONA, ESPA√ëA",ZADIG & VOLTAIRE ,S / 36 / 8,2022-04-04 14:25:07.149540,Pull cachmere Zadig & Voltaire,110.0,"en taille S, convient √† un 36/38, port√© deux fois, en pafait √©tat, 100% cachmere. #pull #zadigetvoltaire #cachemire #pullbleumarine"
2,TR√àS BON √âTAT,168,"LEIOA, ESPA√ëA",BERSHKA ,S / 36 / 8,2022-04-04 14:25:07.149548,Jersey con bufanda Pull avec echarpe multicolor,9.0,Jersey oversize multicolor con bufanda
3,TR√àS BON √âTAT,29,"BARCELONA, ESPA√ëA",LACOSTE ,L / 40 / 12,2022-03-30 14:25:07.149552,Pull Lacoste Yellow Logo Bordee L,35.0,"Exp√©dition le jour m√™me üì¶ uniquement par DHL, UPS et Mondial Relay
üî•pull unique tr√©s exclusiveüî•
Borde√© üßµ
‚ö°Ô∏è9/10 en parfait √©tat‚ö°Ô∏è
 100% d'origineüè∑
Avez-vous besoin de mesures? Me demander!
 

Pull vintage Cotton camisa jersey rare vintage streetwear t sweater chaqueta abrigo cazadora harrington hoodie sudadera camisa"
4,TR√àS BON √âTAT,37,"BARCELONA, ESPA√ëA",LACOSTE ,XL / 42 / 14,2022-03-30 14:25:07.149570,Pull Lacoste Rouge Burdeos Logo Bordee XL,35.0,"Exp√©dition le jour m√™me üì¶ uniquement par DHL, UPS et Mondial Relay
üî•pull unique tr√©s exclusiveüî•
Borde√© üßµ
‚ö°Ô∏è9/10 en parfait √©tat‚ö°Ô∏è
 100% d'origineüè∑
Avez-vous besoin de mesures? Me demander!
 

Pull vintage Cotton camisa jersey rare vintage streetwear t sweater chaqueta abrigo cazadora harrington hoodie sudadera camisa"
5,NEUF SANS √âTIQUETTE,55,"UNCASTILLO, ESPA√ëA",PULL & BEAR ,M / 38 / 10,2022-03-21 14:25:07.149573,Jersey punto Pull and Bear,12.0,"Est√° nuevo. Es tipo oversize, muy calentito."
6,NEUF AVEC √âTIQUETTE,434,"MADRID, ESPA√ëA",PULL & BEAR ,XS / 34 / 6,2022-03-27 14:25:07.149576,Jersey cuello vuelto pull and bear NUEVO,6.0,"No lo he usado nunca.
Lo compre y al probarmelo en casa me di cuenta que me queda un poco peque√±o y me tira de la sisa, por que tengo mucho pecho. 
Es muy suabe y tiene una textura muy chula."
7,NEUF SANS √âTIQUETTE,117,"AGUADULCE, ESPA√ëA",SEE BY CHLO√â ,S / 36 / 8,2022-04-04 14:25:07.149597,Jersey See by Chlo√©. Pull See by Chlo√©.,60.0,"Jersey See by Chlo√© talla S/36. Color base blanco con pu√±os y bajos en negro y verde. Usado una vez.

#jersey #jerseymujer #jersey36 #pull #pullfemme #pull36 #jerseyseebychlo√© #pullseebychlo√© #seebychlo√© #seebychlo√©36"
8,TR√àS BON √âTAT,261,ESPA√ëA,COMPANIA FANTASTICA ,M / 38 / 10,2022-04-04 14:25:07.149600,Jersey Compa√±√≠a Fant√°stica M,12.0,"Jersey color burdeos de Compa√±√≠a Fant√°stica 
Talla M/L 
Cortito y calentito"
9,BON √âTAT,188,ESPA√ëA,COS ,XS / 34 / 6,2022-04-04 14:25:07.149602,Jersey Algod√≥n COS,8.5,"Rojo, mangas 3/4 
Usado, de ah√≠ el precio 
Cualquier duda, estoy 100% disponible"
10,NEUF AVEC √âTIQUETTE,192,ESPA√ëA,BIMBA Y LOLA ,L / 40 / 12,2022-04-04 14:25:07.149604,Jersey Bimba y Lola L,80.0,"Jersey nuevo a estrenar de Bimba y Lola en talla L 
65% Mohair 
Nuevo con etiquetas"
11,TR√àS BON √âTAT,87,ESPA√ëA,EL GANSO ,S,2022-04-04 14:25:07.149606,Jersey rayas S,27.0,"Jersey en algod√≥n 100% de rayas de El Ganso 
talla S ( talla grande como para una M de mujer )
muy buen estado, sin uso apenas 
Medidas - ver fotos."
12,TR√àS BON √âTAT,68,ESPA√ëA,COS ,M / 38 / 10,2022-04-04 14:25:07.149608,Jersey gris COS,25.0,"Jersey gris talla M de COS 
manga larga cuello en V 
seda y algod√≥n. 
muy buen estado usado dos veces 
medidas ver fotos"
13,TR√àS BON √âTAT,315,"BARCELONA, ESPA√ëA",YVES SAINT LAURENT ,L / 40 / 12,2022-04-04 14:25:07.149611,Pull Yves Saint Laurent Logo Bordee L,80.0,"61 cm largo
56 cm ancho 

 Exp√©dition le jour m√™me üì¶ uniquement par DHL, UPS et Mondial Relay
üî•pull unique tr√©s exclusiveüî•
Borde√© üßµ
‚ö°Ô∏è9/10 en parfait √©tat‚ö°Ô∏è
 100% d'origineüè∑
Avez-vous besoin de mesures? Me demander!
 

Pull vintage Cotton camisa jersey rare vintage streetwear t sweater chaqueta abrigo cazadora harrington hoodie sudadera camisa"
14,TR√àS BON √âTAT,26,"LEGANES, ESPA√ëA",PULL & BEAR ,M / 38 / 10,2022-03-29 14:25:07.149613,Jersey fino malva Pull&Bear,5.0,"Perfectas condiciones. 
Genial para entretiempo. 
Poco usado. Lo vendo por error en color."
15,TR√àS BON √âTAT,293,"BARCELONA, ESPA√ëA",PULL & BEAR ,L / 40 / 12,2022-03-27 14:25:07.149616,Camisa beige Pull & Bear// Beige shirt Pull & Bear,5.0,"TG L, Beige claro, Pull & Bear, puede vestir bien una M tambien

TG L, Light Beige, Pull & Bear, can suit a M as well"
16,TR√àS BON √âTAT,430,"PUERTO DE SAGUNTO, ESPA√ëA",TOMMY HILFIGER ,S / 36 / 8,2022-04-04 14:25:07.149632,Pull tommy Hilfiger femme,23.0,Pull avec poches
17,TR√àS BON √âTAT,36,"LA VERRI√àRE, FRANCE",RALPH LAUREN ,S,2022-03-26 14:25:07.149635,Pull Polo Ralph Lauren Vintage,38.0,"Bonjour , 

Je vend un pull Polo Ralph Lauren rouge vintage car il ne me va pas.

taille S

#vintage #ralphlauren #poloralphlauren #streetwear"
18,BON √âTAT,295,"TUPIN-ET-SEMONS, FRANCE",MAJE ,M / 38 / 10,2022-04-04 14:25:07.149638,Pull MAJE cuir,30.0,"Pull MAJE gris clair chin√© et cuir noir sur les manches. Coupe loose. 
Le cuir a l√©g√®rement d√©teint sur un des c√¥t√©s, le prix en tient compte üòú"
19,TR√àS BON √âTAT,281,"RUMINGHEM, FRANCE",KILKY ,TAILLE UNIQUE,2022-03-19 14:25:07.149659,Pull blanc,8.0,"pull blanc Kilky en parfaite √©tat 
#kilky #pullfemme #white"
20,TR√àS BON √âTAT,26,"FARGUES-SAINT-HILAIRE, FRANCE",VINTAGE ,S / 36 / 8,2022-03-26 14:25:07.149662,Pull court vintage,8.0,"Port√© quelques fois, style tr√®s vintage avec un pantalon boyfriend, manches bouffantes , chaud et doux, en laine."
21,TR√àS BON √âTAT,115,"LILLE, FRANCE",COMPTOIR DES COTONNIERS ,XS / 34 / 6,2022-04-04 14:25:07.149664,Pull angora Comptoir des cotonniers,35.0,"Pull bordeaux Comptoir des cotonniers.
Mod√®le Joupy.
50% angora.
Taille XS.

#comptoirdescotonniers"
22,BON √âTAT,92,FRANCE,KIABI ,4 ANS / 98-104 CM,2022-04-04 14:25:07.149667,Pull gar√ßon,2.0,bon √©tat
23,TR√àS BON √âTAT,55,"ROMAGNAT, FRANCE",RALPH LAUREN ,S,2022-03-30 14:25:07.149673,Pull Ralph Lauren,75.0,"Pull Ralph Lauren
Condition : tr√®s bon √©tat
Taille : S üìè
Marque : Ralph Lauren
Couleur : Noir"
24,TR√àS BON √âTAT,148,FRANCE,,TAILLE UNIQUE,2022-03-25 14:25:07.149675,Tr√®s jolie pull tr√®s fin bleu made Italy avec liser√© argent√©,17.9,Tr√®s jolie pull fin bleu avec liser√© argent√© au col et poign√©e et bas tout le bas du pull tr√®s mode avec √©criture en dor√© juste lav√© mais il est trop grand pour maheureusement les mesures sont sur les photos ne fais pas de retour ni de reprise uniquement en mondial relay pas de vente par la poste ni pas usp merci il taille grand pour moi √ßa d√©pend de vous morfologie bien regard√© les mesures sur les photos la couleur qui ressemble la plus c est la derni√®re photo
25,TR√àS BON √âTAT,88,"URRUGNE, FRANCE",LACOSTE ,S,2022-04-02 14:25:07.149678,Pull Lacoste,35.0,tr√®s bonne √©tats
26,TR√àS BON √âTAT,429,FRANCE,FAIT MAIN ,24-36 MOIS / 92-98 CM,2022-04-04 14:25:07.149680,Pull fait main,9.0,tr√®s bon etat taille 2 ans
27,TR√àS BON √âTAT,21,"MONTBRISON, FRANCE",RALPH LAUREN ,S / 36 / 8,2022-03-29 14:25:07.149683,Pull Ralph Lauren,30.0,"- Marque : Ralph Lauren
-Type de v√™tements : Pull
- Taille : S
- Etat : Tr√®s bon √©tat
-Couleurs : Gris
Pour toute autre informations ou photos suppl√©mentaires n'h√©sitez pas a me contacter

R√©ductions pour les abonn√©s !"
28,TR√àS BON √âTAT,49,"MARLY, FRANCE",ZADIG & VOLTAIRE ,S / 36 / 8,2022-03-27 14:25:07.149686,Pull Zadig,85.0,Pul √† manches courtes arrivant au coude.Zadig et Voltaire. Taille S. manches raglans.Longueur dos 61cm. Largeur sous les aisselles 50cm. Tr√®s bon √©tat. convient tr√®s en pour un 38. Zadig taille grand. Sera sotie du pressing
29,TR√àS BON √âTAT,50,"MARLY, FRANCE",ZADIG & VOLTAIRE ,S / 36 / 8,2022-03-27 14:25:07.149688,Pull Zadig,85.0,Pul √† manches courtes arrivant au coude.Zadig et Voltaire. Taille S. manches raglans.Longueur dos 61cm. Largeur sous les aisselles 50cm. Tr√®s bon √©tat. convient tr√®s en pour un 38. Zadig taille grand. Sera sotie du pressing
30,TR√àS BON √âTAT,17,"NANTEUIL-L√àS-MEAUX, FRANCE",PRIMARK ,9-12 MOIS / 74-80 CM,2022-03-13 14:25:07.149691,Pull le livre de la jungle,3.0,Tr√®s bon √©tat. Taille 9-12 mois.
31,NEUF SANS √âTIQUETTE,34,"PARIS, FRANCE",AMI ,L / 40 / 12,2022-04-04 09:25:07.149694,Pull √† col rouler Ami,165.0,pull √† col rouler Ami original acheter le mois dernier
32,NEUF AVEC √âTIQUETTE,25,"LOISON-SOUS-LENS, FRANCE",ITALY MODA ,TAILLE UNIQUE,2022-03-27 14:25:07.149697,Pull tendance,17.0,Tr√®s beau pull rouge avec du noir un peux de brillant peut convenir du 40 √† un 44
33,NEUF AVEC √âTIQUETTE,2,"NANTES, FRANCE",SANTA CRUZ ,M,2022-04-04 13:46:07.149701,Pull Santa Cruz speed Wheels,60.0,"Salut 
Je met en vente ce pull Santa Cruz 
totalement neuf avec √©tiquette 
si vous avez des questions, n‚Äôh√©sitez pas !"
34,TR√àS BON √âTAT,202,FRANCE,NIKE ,S,2022-04-04 14:25:07.149704,Pull Nike PSG,15.0,"parfait √©tat authentique ‚úÖ
 couleur gris fonc√©
taille s 
pull sans capuche"
35,TR√àS BON √âTAT,154,"NIORT, FRANCE",HANDMADE ,L / 40 / 12,2022-03-17 14:25:07.149706,Pull vintage broderie 3d handmade,35.0,Pull marque Canada taille L .moutarde.col v .fleurs Japonaises colorees brodees √† la main.et papillons en feutrine cousus..effet 3d .cr√©ation follk romantique
36,TR√àS BON √âTAT,200,"SAINT-AUBIN-SUR-QUILLEBEUF, FRANCE",S√âZANE ,M / 38 / 10,2022-03-21 14:25:07.149709,Pull sezane,45.0,"pull marque sezane , mod√®le Alice , col en V , poign√©e l√©g√®rement plus serr√©e avec bouton d√©coratif, tr√®s doux , port√© une fois car trop petit"
37,TR√àS BON √âTAT,20,"FUENTES DE ANDALUC√çA, ESPA√ëA",ZARA ,S / 36 / 8,2022-04-04 14:25:07.149712,Rebeca leopardo Zara,4.5,un solo uso
38,TR√àS BON √âTAT,36,"FUENTES DE ANDALUC√çA, ESPA√ëA",ZARA ,S / 36 / 8,2022-04-04 14:25:07.149714,Jers√©is Zara negro basico,2.0,En perfecto estado
39,NEUF SANS √âTIQUETTE,6,"FUENTES DE ANDALUC√çA, ESPA√ëA",ZARA ,XS / 34 / 6,2022-03-27 14:25:07.149716,Jers√©is Zara,4.0,nuevo sin etiquetas
40,NEUF SANS √âTIQUETTE,1,"FUENTES DE ANDALUC√çA, ESPA√ëA",,S / 36 / 8,2022-04-04 14:25:07.149719,Jers√©is Beige,5.5,nuevo sin etiquetas
41,NEUF SANS √âTIQUETTE,308,"FUENTES DE ANDALUC√çA, ESPA√ëA",ZARA ,XS / 34 / 6,2022-04-04 14:25:07.149721,Abrigo Zara,18.5,Nuevo sin etiquetas
42,TR√àS BON √âTAT,21,FRANCE,VINTAGE ,S / 36 / 8,2022-04-02 14:25:07.149723,P√©pite gros pull jacquard vintage ann√©es 80 34/36,28.0,Superbe gros pull bien chaud ann√©es 80 made in France excellent √©tat pas d √©tiquette de compo ni de taille ok 34 36 laine m√©lang√©e longueur 60 cm col chemin√©e
43,TR√àS BON √âTAT,451,"NIORT, FRANCE",HANDMADE ,M / 38 / 10,2022-04-04 14:25:07.149726,Pull avec broderie vintage 3d,35.0,Pull √† torsades rouge .taille M √† L .matiere m√©lange coton et acrylique.petits bouquets de fleurs brod√©s √¢ la main.cr√©ation style chic romantique
44,NEUF SANS √âTIQUETTE,52,"GINESTAS, FRANCE",BOUTIQUE IND√âPENDANTE ,L / 40 / 12,2022-04-04 14:25:07.149728,Pull oversize,38.0,"Pull manches √©vas√©e, se porte large. 
Couleurs parfaites pour le retour des beaux jours. 
il est neuf, jamais port√©. 
Taille 40/42"
45,NEUF SANS √âTIQUETTE,19,"BAGNOLET, FRANCE",,M / 38 / 10,2022-04-04 14:25:07.149731,Pull d'hiver,20.0,Neuf sans √©tiquette.
46,NEUF AVEC √âTIQUETTE,8,FRANCE,GRACIELA ,TAILLE UNIQUE,2022-04-04 14:25:07.149733,Pull ray√© vert d'eau et blanc,38.0,"Pull ray√© vert d'eau et blanc de la marque GRACIELA
Taille unique 
Neuf avec l'√©tiquette 
Col V liser√© dor√©, tr√®s joli dos avec des boutons et un liser√© dor√©"
47,TR√àS BON √âTAT,35,FRANCE,YAS ,M / 38 / 10,2022-04-04 14:25:07.149735,Pull tr√®s doux taupe avec boutons,25.0,"Pull taupe avec de jolis boutons argent√©s de la marque YAS
Pull tr√®s doux
Taille M
Tr√®s bon √©tat"
48,TR√àS BON √âTAT,72,"BRIVE-LA-GAILLARDE, FRANCE",KIABI ,18-24 MOIS / 86-92 CM,2022-04-04 14:25:07.149737,Pull gar√ßon,2.5,Pull gar√ßon taille 14 mois bon etat
49,NEUF SANS √âTIQUETTE,25,"CONTES, FRANCE",PIMKIE ,M / 38 / 10,2022-04-04 14:25:07.149739,Pull l√©ger,5.0,Pull l√©ger et √©vas√©. Article neuf. Jamais port√©.
50,BON √âTAT,61,"KOEKELBERG, BELGIQUE / BELGI√ã",& OTHER STORIES ,XS / 34 / 6,2022-04-01 14:25:07.149742,Pull rose &other stories,15.0,"port√©
quelques peluches"
51,TR√àS BON √âTAT,219,FRANCE,LACOSTE ,L,2022-03-28 14:25:07.149759,Pull Lacoste,40.0,"Pull Lacoste

Taille M

Tr√®s bon √©tat 

#lacoste"
52,BON √âTAT,155,FRANCE,TOMMY HILFIGER ,L,2022-04-04 14:25:07.149761,Pull Tommy Hilfiger,10.0,Pull Tommy Hilfiger port√© quelques fois
53,NEUF AVEC √âTIQUETTE,121,"PARIS, FRANCE",CALVIN KLEIN ,M,2022-03-23 14:25:07.149764,Pull Calvin Klein,35.0,"jamais port√© 
taille regular"
54,TR√àS BON √âTAT,76,FRANCE,STRADIVARIUS ,M / 38 / 10,2022-04-04 14:25:07.149766,Pull en laine col roul√©,14.0,"pull en laine √©pais
col roul√©
taille M mais taille large 
jamais port√©
stradivarius
couleur : beige/marron clair 
prix de base 29,99‚Ç¨ 

envoi uniquement par mondial relay"
55,TR√àS BON √âTAT,17,FRANCE,PUMA ,XL,2022-04-04 14:25:07.149784,Pull oversize Puma,25.0,"Pull port√© quelques fois, en tr√®s bon √©tat"
56,NEUF SANS √âTIQUETTE,220,FRANCE,123 ,XL / 42 / 14,2022-04-04 14:25:07.149787,Pull d‚Äôhiver en laine,17.0,chaude et l√®ge
57,NEUF SANS √âTIQUETTE,62,"S√âREILHAC, FRANCE",MORGAN ,S / 36 / 8,2022-04-02 14:25:07.149789,Magnifique pull morgan neuf,10.0,"Magnifique pull morgan neuf avec dos nu
Tr√®s doux"
58,TR√àS BON √âTAT,15,"MILANO, ITALIA",LACOSTE ,S / 36 / 8,2022-03-27 14:25:07.149792,Pull in cotone Lacoste,40.0,"pull in cotone Lacoste blu con collo giallo
taglia 36 francese, 40 italiana 
indossato poche volte"
59,TR√àS BON √âTAT,55,FRANCE,NIKE ,S,2022-04-02 14:25:07.149795,Pull Nike vintage,27.0,"Port√© 1 fois 
Exp√©dition rapide üëç"
60,BON √âTAT,19,"VESQUEVILLE, BELGIQUE / BELGI√ã",VILA ,S / 36 / 8,2022-03-29 14:25:07.149797,Pull vila triangles gris,10.0,bon √©tat
61,NEUF SANS √âTIQUETTE,137,"LOUHANS, FRANCE",ADIDAS ORIGINALS ,M,2022-04-04 14:25:07.149800,Pull Adidas originals,25.0,"Pull Adidas originals neuf
Taille M
Taille juste
Mati√®re ""sweat"""
62,BON √âTAT,78,FRANCE,FENDI ,M / 38 / 10,2022-04-04 14:25:07.149802,Pull com roul√©,90.0,pull col roul√© fendi
63,NEUF AVEC √âTIQUETTE,154,FRANCE,ZADIG & VOLTAIRE ,XS / 34 / 6,2022-03-31 14:25:07.149804,Pull Zadig & Voltaire Marlon XS - NEUF,230.0,"Neuf avec √©tiquette - jamais port√©
Pull Marlon
Couleur Craie
boutons orange
taille XS
Prix d‚Äôorigine : 315‚Ç¨

#zadigetvoltaire #zadig #zadigvoltaire #pull"
64,TR√àS BON √âTAT,5,"PLO√ãRMEL, FRANCE",OKA√èDI ,14 ANS / 158-164 CM,2022-03-11 14:25:07.149807,Pull ras cou,5.0,mati√®re fine et douce
65,NEUF SANS √âTIQUETTE,86,"IXELLES, BELGIQUE / BELGI√ã",KENZO ,M / 38 / 10,2022-03-14 14:25:07.149810,Kenzo pull M,59.0,"jamais port√©, impeccable, graphic, glitter, taille M"
66,BON √âTAT,13,FRANCE,PHILDAR ,M / 38 / 10,2022-04-04 14:25:07.149812,Pull court Phildar,2.0,"Bon √©tat 
Taille M"
67,BON √âTAT,9,FRANCE,PREMIUM ,S / 36 / 8,2022-04-04 14:25:07.149814,Pull court Premium,1.5,"Bon √©tat 
Taille S/M"
68,TR√àS BON √âTAT,3,FRANCE,OKA√èDI ,4 ANS / 98-104 CM,2022-04-02 14:25:07.149817,Pull Okaidi,3.0,"Tr√®s bon √©tat 
4 ans"
69,TR√àS BON √âTAT,1,FRANCE,,9-12 MOIS / 74-80 CM,2022-04-04 14:25:07.149841,Pull 12 mois,2.0,"Excellent √©tat 
Tout doux 
12 mois"
70,TR√àS BON √âTAT,13,FRANCE,KIABI ,L / 40 / 12,2022-04-04 14:25:07.149847,Sweat Kiabi,3.0,"Tr√®s bon √©tat 
Taille L"
71,TR√àS BON √âTAT,50,"PARIS, FRANCE",NIKE ,S,2022-03-29 14:25:07.149851,Pull Nike authentique,31.0,"Pull Nike authentique :

- Condition : 9,5/10
- Taille : S
- D√©fauts : aucuns

Profitez d‚Äôune r√©duction si vous achetez en lot. ‚ò∫Ô∏è



#nike #nikejogging #nikeswootch #nike2000 #vinted #vintedfrance #leplusrecent #tresbonetat #commeneuf #vintedaddict #nikehomme #nikestreet #cortez #tn #pullnike #sweatnike #pull√†capuchenike #commeneuf #vintedespagne #pullnike #sweatnike"
72,NEUF SANS √âTIQUETTE,407,"TROYES, FRANCE",NIKE ,XL / 42 / 14,2022-04-04 14:25:07.149854,Pull NIKE √† col rouler,20.0,"porter deux fois, je le vend car je n‚Äôaime pas la coupe du v√™tement 
#nike #pullnike"
73,TR√àS BON √âTAT,332,FRANCE,BOUTIQUE PARISIENNE ,M / 38 / 10,2022-03-18 14:25:07.149857,Pull en maille ajour√©e blanc üçÇ,21.9,"üçÇMagnifique pull en maille 
üçÇde super qualit√© 
üçÇmanches longues 
üçÇd√©tail sur la maille 
üçÇNeuf
üçÇ taille M 
üõçbon shopping 

üëÄDans mon dressing il y en a pour tous les go√ªts alors √† vos marques pr√™t choper 

‚≠êpratiquement toutes mes photos sont sur mannequin pour vous faire une id√©e ‚≠ê

üôÇles v√™tements sont envoy√©s propre üôÇ


üôèJ'√©vite les mesures qui prennent du temps mon mannequin fait un Müôè


üéàüéàLes r√©ductions sur lot sont activ√©s.üéàüéà
üîù2 articles 10%
üîù3 articles 15% 
üîù5 articles 20% 


‚ùì‚ùìla moindre question sur un article , envoyez moi un msg j'y r√©pondrais ‚ùì‚ùì

üéÅüéÅChaque colis est envoy√© avec soin , petites surprises √† l'int√©rieur et envoie rapide. üéÅüéÅ

üéÄJe vous invite √† vous Abonnez je mets souvent des nouveaux articles peut-√™tre que votre coup de c≈ìurüíò sera dans mon dressingüéÄ

üì¨Les envoies se font le mercredi et samedi, Mais bien sur que si je peux le faire le jour m√™me de votre achat je le ferais avec plaisirüì¨
#pull #pullhiver #pullfemme #elodie12850_tailleM"
74,TR√àS BON √âTAT,314,"N√âZEL, FRANCE",NIKE ,S,2022-04-02 14:25:07.149860,Pull Nike noir,6.99,"Article jamais utilis√© et en parfait √©tat #pull #nike #pullnike #pullnikenoir
#pullnkenoire"
75,TR√àS BON √âTAT,79,FRANCE,LACOSTE ,S,2022-04-04 14:25:07.149863,Pull sweat Lacoste bleu clair,67.0,"port√© 3 fois un peu trop petit malheureusement. taille 3 / S
prix tr√®s l√©g√®rement n√©gociable"
76,NEUF AVEC √âTIQUETTE,54,"TIELRODE, BELGIQUE / BELGI√ã",10 DAYS ,M / 38 / 10,2022-04-04 14:25:07.149865,Pull v hals,40.0,toffe zomerpull. 2 materialen. voorkant zijde. achterkant stretchcotton. mooie afwerking aan de mouwen. nieuw!
77,NEUF SANS √âTIQUETTE,17,"COULOUNIEIX-CHAMIERS, FRANCE",GUESS ,XS / 34 / 6,2022-04-02 14:25:07.149868,Pull gris clair iris√© Guess,15.0,"Petit pull sans Manche Guess
Couleur gris tr√®s clair iris√©
Se porte id√©alement avec un jeans 
Taille XS"
78,TR√àS BON √âTAT,28,"VILLIERS-SAINT-FR√âDERIC, FRANCE",ADIDAS ,S,2022-03-27 14:25:07.149870,Pull Adidas,25.0,"Bonjour, 

je vends un pull Adidas en tr√®s bon √©tat, port√© 2 √† 3 fois. 

Cordialement,
Stephen 

#pulladidas #pulladidasblanc #adidas #pulladidashomme #adidaspull #pullhommeadidas"
79,NEUF SANS √âTIQUETTE,70,FRANCE,BELLEROSE ,M / 38 / 10,2022-03-22 14:25:07.149873,Pull Bellerose Laine & Angora T 2 Sweater V neck Neuf 165‚Ç¨,79.0,"Bellerose Pull Encolure V Laine et Angora 
une coupe classique, des √©paules plut√¥t basses et un col V couleur bleu canard, en maille c√¥tel√©e de laine, polyamide, et laine angora avec un peu de lycra. 
Manches longues √† √©paules fantaisies √† plis 
Lainage √©pais de belle qualit√©
Taille 2 ( M/38) Re√ßu en cadeau, il m‚Äôest trop grand. 
Jamais port√© ni lav√©. 
Tout Neuf! 
Valeur 165‚Ç¨"
80,NEUF AVEC √âTIQUETTE,65,"NOGENT-SUR-MARNE, FRANCE",BOUTIQUE PARISIENNE ,TAILLE UNIQUE,2022-03-23 14:25:07.149876,Pull fin cotton doux üß° tendance,25.0,"magnifique pull fin doux tendance 
100 % cotton 
couleur corail 
taille unique 
made in Italie üáÆüáπ 
neuf avec √©tiquette 

#cotton #coeur #tendance #corail #frednetti # neuf"
81,NEUF SANS √âTIQUETTE,164,BELGIQUE / BELGI√ã,AMI ,XXL / 44 / 16,2022-03-25 14:25:07.149878,Pull Ami Paris Gris,120.0,"Port√© quelques fois, comme vous le voyez sur la photo, il est trop grand pour moi, peut se porter en robe pour des filles, je pense ü§∑üèΩ‚Äç‚ôÇÔ∏è. Pour les gar√ßons, je fais 1m77."
82,TR√àS BON √âTAT,42,"VILLIERS-SUR-MARNE, FRANCE",MANOUKIAN ,M / 38 / 10,2022-04-04 14:25:07.149881,Pull femme Alain Manoukian,17.0,Tres bon etat taille M
83,NEUF AVEC √âTIQUETTE,82,FRANCE,JAMES & NICHOLSON ,XXL,2022-03-18 14:25:07.149884,Sweat pull hoodie,24.0,"PAS DE PHOTO PORT√â. V√™tements Neuf et emball√©, il est impeccable. √âpaule √† √©paule 60cm. Aisselles √† aisselles 63cm. Dos 73cm. Manche 62cm."
84,NEUF SANS √âTIQUETTE,58,"LIFFOL-LE-GRAND, FRANCE",CACHE CACHE ,S / 36 / 8,2022-03-31 14:25:07.149886,Pull vert amande,14.0,"Neuf sans √©tiquette, bien chaud envoi uniquement par mondial relay ou UPS merci üôÇ"
85,BON √âTAT,17,"AILLY-SUR-NOYE, FRANCE",KIABI ,10 ANS / 134-140 CM,2022-04-02 14:25:07.149889,Pull fille bleu,4.0,"Peut ab√Æm√©, port√© peut de fois ."
86,TR√àS BON √âTAT,145,"VILLANDRY, FRANCE",MISS CAPTAIN ,M / 38 / 10,2022-03-12 14:25:07.149892,Joli pull fin Miss Captain bronze,12.0,"Tr√®s bon √©tat 
Fils de lurex dor√©s 
Empi√®cements dentelle noire aux √©paules 
Taille grand"
87,NEUF SANS √âTIQUETTE,23,FRANCE,VINTAGE ,S / 36 / 8,2022-04-02 14:25:07.149894,Superbe pull tricot√© mains,17.0,"Superbe pull tricot√© mains
Vert et noir
Convient √† un 36/38
Jamais port√©
Trop petit pour moi"
88,TR√àS BON √âTAT,36,FRANCE,VINTAGE ,L / 40 / 12,2022-04-02 14:25:07.149897,Tr√®s joli pull brod√©,16.0,"Tr√®s joli pull brod√©
Vintage
Contient de la laine
Couleur cr√®me 
Largeur d'√©paule √† √©paule 40 cm
Largeur d'aisselle √† aisselle 47 cm
Longueur des manches 58 cm
Longueur totale 60 cm
Convient pour un 38/40"
89,TR√àS BON √âTAT,124,"BREBI√àRES, FRANCE",S√âZANE ,M / 38 / 10,2022-04-04 14:25:07.149899,Pull S√©zane Taille M,35.0,port√© quelques fois 2/3
90,NEUF SANS √âTIQUETTE,31,"TOURS, FRANCE",,S / 36 / 8,2022-04-04 14:25:07.149902,Pull blanc,10.0,comme neuf
91,TR√àS BON √âTAT,17,"TOURS, FRANCE",,S / 36 / 8,2022-04-04 14:25:07.149904,Pull colle roul√© noir,7.0,colle roul√© noir comme neuf
92,TR√àS BON √âTAT,554,FRANCE,STONE ISLAND ,S,2022-03-31 14:25:07.149906,Pull Stone Island Noir,160.0,"Bonjour je vends mon Pull Stone Island Noir

Taille S

D√©j√† port√© plusieurs fois mais en bon √©tat

Vendu avec facture et √©tiquette d'achat"
93,NEUF SANS √âTIQUETTE,271,"MATZENHEIM, FRANCE",PULL & BEAR ,L / 40 / 12,2022-03-30 14:25:07.149909,Pull bleu,15.0,"je l‚Äôai port√© quelques fois, mais malheureusement trop petit au niveau des bras, taille plut√¥t en M.(je fais 1m80. Je suis tr√®s d√©√ßu que le pull soit trop petit, je pense le recommand√© en une taille au-dessus."
94,TR√àS BON √âTAT,105,"PARIS, FRANCE",PETITE MENDIGOTE ,S / 36 / 8,2022-03-26 14:25:07.149912,Pull blanc ajour√© col v boutonn√©,60.0,Pull ajour√© avec col V boutonn√© . Port√© une seule fois. Collection hiver 2022
95,TR√àS BON √âTAT,446,"PARIS, FRANCE",& OTHER STORIES ,S / 36 / 8,2022-04-04 14:25:07.149914,Pull &other stories,20.0,Taille S en tres bon √©tat
96,TR√àS BON √âTAT,787,"PARIS, FRANCE",AMERICAN VINTAGE ,S / 36 / 8,2022-04-04 14:25:07.149916,Pull American Vintage,17.0,"Pull de la marque American vintage en tr√©s bon √©tat 
Taille S
Longueur :67cm
Sous les aisselles :53cm
Les manches du cou au poignet 81cm"
97,TR√àS BON √âTAT,633,"PARIS, FRANCE",& OTHER STORIES ,L / 40 / 12,2022-04-04 14:25:07.149919,Pull &other stories,12.0,"En tr√®s bon √©tat couleur noir/bleu metalis√©
Longueu:67cm
Sous les aisselles:78
Les manches:57
De l'√©paule √† l'√©paule:71cm
83%coton
11%polyester
6%fibre m√©tallis√©e"
98,TR√àS BON √âTAT,369,"PARIS, FRANCE",& OTHER STORIES ,S / 36 / 8,2022-04-04 14:25:07.149921,Sweat pulll &other stories,15.0,"Taille S en tr√©s bon √©tat 
Motif broderie"
99,BON √âTAT,141,"PARIS, FRANCE",SANDRO ,TAILLE UNIQUE,2022-04-04 14:25:07.149923,Pull Sandro,10.0,"Pull chaud de la marque Sandro taille 2
Il a √©t√© mise plusieurs fois
Pas de taches ni trous
Bouloch√© l√©g√®rement"
100,NEUF AVEC √âTIQUETTE,128,"LYON, FRANCE",LILI ,TAILLE UNIQUE,2022-04-04 14:25:07.149925,Pull lili et lola,28.0,Neuf jamais port√©
